"Name","Group","Hostname","State","Notes","User","Tags","Created","Runtime","Sweep","data.name","data.params.dataset_path","data.params.feature_csv_path","data.params.file_byte_read_limit","data.params.use_code_only","model.name","model.params.embedding_dim","model.params.input_length","model.params.num_classes","model.params.vocab_size","target_feature","training.batch_size","training.criterion","training.epochs","training.learning_rate","training.optimizer","training.weight_decay","transforms.name","transforms.params.length","validator.name","validator.seed","validator.wandb_project_name","batch_loss","epoch","overall_accuracy","test_accuracy_chunk","test_accuracy_file","test_loss","train_loss"
"overall_metrics","logo ResNet50Embedding instructionwidth_type 18:13:37, 18-03-2025","idun-07-10","finished","-","","","2025-03-18T17:43:30.000Z","4","","ISAdetectDataset","ISAdetect/ISAdetect_full_dataset/","ISAdetect-features.csv","1024","true","ResNet50Embedding","128","1024","2","256","instructionwidth_type","64","CrossEntropyLoss","2","0.0001","AdamW","0.01","Vector1D","1024","LOGO_architecture_wandb","5","instructionwidthtype-resnet50embedding-21288728","","","0.8194719643135018","","","",""
"fold_x32","logo ResNet50Embedding instructionwidth_type 18:13:37, 18-03-2025","idun-07-10","finished","-","","","2025-03-18T17:42:06.000Z","83","","ISAdetectDataset","ISAdetect/ISAdetect_full_dataset/","ISAdetect-features.csv","1024","true","ResNet50Embedding","128","1024","2","256","instructionwidth_type","64","CrossEntropyLoss","2","0.0001","AdamW","0.01","Vector1D","1024","LOGO_architecture_wandb","5","instructionwidthtype-resnet50embedding-21288728","0.00901428796350956","1","","0.9930555555555556","0.9930555555555556","0.015167220841745306","0.005802110362446185"
"fold_sparc64","logo ResNet50Embedding instructionwidth_type 18:13:37, 18-03-2025","idun-07-10","finished","-","","","2025-03-18T17:40:39.000Z","85","","ISAdetectDataset","ISAdetect/ISAdetect_full_dataset/","ISAdetect-features.csv","1024","true","ResNet50Embedding","128","1024","2","256","instructionwidth_type","64","CrossEntropyLoss","2","0.0001","AdamW","0.01","Vector1D","1024","LOGO_architecture_wandb","5","instructionwidthtype-resnet50embedding-21288728","0.00009789363684831188","1","","0.9847374847374848","0.9847374847374848","0.03954819680746788","0.005075921426588917"
"fold_sparc","logo ResNet50Embedding instructionwidth_type 18:13:37, 18-03-2025","idun-07-10","finished","-","","","2025-03-18T17:39:13.000Z","84","","ISAdetectDataset","ISAdetect/ISAdetect_full_dataset/","ISAdetect-features.csv","1024","true","ResNet50Embedding","128","1024","2","256","instructionwidth_type","64","CrossEntropyLoss","2","0.0001","AdamW","0.01","Vector1D","1024","LOGO_architecture_wandb","5","instructionwidthtype-resnet50embedding-21288728","0.0006267864955589175","1","","0.9987951807228916","0.9987951807228916","0.002089762459269341","0.0061429648909564205"
"fold_sh4","logo ResNet50Embedding instructionwidth_type 18:13:37, 18-03-2025","idun-07-10","finished","-","","","2025-03-18T17:37:49.000Z","83","","ISAdetectDataset","ISAdetect/ISAdetect_full_dataset/","ISAdetect-features.csv","1024","true","ResNet50Embedding","128","1024","2","256","instructionwidth_type","64","CrossEntropyLoss","2","0.0001","AdamW","0.01","Vector1D","1024","LOGO_architecture_wandb","5","instructionwidthtype-resnet50embedding-21288728","0.000937042583245784","1","","0.9981450252951096","0.9981450252951096","0.006926834061291189","0.00669056806549752"
"fold_s390x","logo ResNet50Embedding instructionwidth_type 18:13:37, 18-03-2025","idun-07-10","finished","-","","","2025-03-18T17:36:22.000Z","86","","ISAdetectDataset","ISAdetect/ISAdetect_full_dataset/","ISAdetect-features.csv","1024","true","ResNet50Embedding","128","1024","2","256","instructionwidth_type","64","CrossEntropyLoss","2","0.0001","AdamW","0.01","Vector1D","1024","LOGO_architecture_wandb","5","instructionwidthtype-resnet50embedding-21288728","0.0015921962913125751","1","","0.7639909553420011","0.7639909553420011","0.7335359629775796","0.0055991070400995295"
"fold_s390","logo ResNet50Embedding instructionwidth_type 18:13:37, 18-03-2025","idun-07-10","finished","-","","","2025-03-18T17:34:59.000Z","82","","ISAdetectDataset","ISAdetect/ISAdetect_full_dataset/","ISAdetect-features.csv","1024","true","ResNet50Embedding","128","1024","2","256","instructionwidth_type","64","CrossEntropyLoss","2","0.0001","AdamW","0.01","Vector1D","1024","LOGO_architecture_wandb","5","instructionwidthtype-resnet50embedding-21288728","0.00582433957606554","1","","0.2846630518977537","0.2846630518977537","1.653915528897886","0.006837931010878769"
"fold_riscv64","logo ResNet50Embedding instructionwidth_type 18:13:37, 18-03-2025","idun-07-10","finished","-","","","2025-03-18T17:33:36.000Z","81","","ISAdetectDataset","ISAdetect/ISAdetect_full_dataset/","ISAdetect-features.csv","1024","true","ResNet50Embedding","128","1024","2","256","instructionwidth_type","64","CrossEntropyLoss","2","0.0001","AdamW","0.01","Vector1D","1024","LOGO_architecture_wandb","5","instructionwidthtype-resnet50embedding-21288728","0.00005919658360653557","1","","0.9979729729729728","0.9979729729729728","0.005936922304265733","0.0052534535962170305"
"fold_ppc64el","logo ResNet50Embedding instructionwidth_type 18:13:37, 18-03-2025","idun-07-10","finished","-","","","2025-03-18T17:32:14.000Z","80","","ISAdetectDataset","ISAdetect/ISAdetect_full_dataset/","ISAdetect-features.csv","1024","true","ResNet50Embedding","128","1024","2","256","instructionwidth_type","64","CrossEntropyLoss","2","0.0001","AdamW","0.01","Vector1D","1024","LOGO_architecture_wandb","5","instructionwidthtype-resnet50embedding-21288728","1.8309122323989868","1","","1","1","0.00013769490560987054","0.009040196739122812"
"fold_ppc64","logo ResNet50Embedding instructionwidth_type 18:13:37, 18-03-2025","idun-07-10","finished","-","","","2025-03-18T17:30:50.000Z","83","","ISAdetectDataset","ISAdetect/ISAdetect_full_dataset/","ISAdetect-features.csv","1024","true","ResNet50Embedding","128","1024","2","256","instructionwidth_type","64","CrossEntropyLoss","2","0.0001","AdamW","0.01","Vector1D","1024","LOGO_architecture_wandb","5","instructionwidthtype-resnet50embedding-21288728","0.00020876500639133155","1","","0.9438757500882456","0.9438757500882456","0.14600377215279473","0.0058913741873964235"
"fold_powerpcspe","logo ResNet50Embedding instructionwidth_type 18:13:37, 18-03-2025","idun-07-10","finished","-","","","2025-03-18T17:29:28.000Z","81","","ISAdetectDataset","ISAdetect/ISAdetect_full_dataset/","ISAdetect-features.csv","1024","true","ResNet50Embedding","128","1024","2","256","instructionwidth_type","64","CrossEntropyLoss","2","0.0001","AdamW","0.01","Vector1D","1024","LOGO_architecture_wandb","5","instructionwidthtype-resnet50embedding-21288728","0.00038387367385439575","1","","1","1","0.00002697163513549904","0.006405169358514509"
"fold_powerpc","logo ResNet50Embedding instructionwidth_type 18:13:37, 18-03-2025","idun-07-10","finished","-","","","2025-03-18T17:28:09.000Z","78","","ISAdetectDataset","ISAdetect/ISAdetect_full_dataset/","ISAdetect-features.csv","1024","true","ResNet50Embedding","128","1024","2","256","instructionwidth_type","64","CrossEntropyLoss","2","0.0001","AdamW","0.01","Vector1D","1024","LOGO_architecture_wandb","5","instructionwidthtype-resnet50embedding-21288728","0.0017408895073458552","1","","1","1","0.00006997599721695511","0.006276069836499589"
"fold_mipsel","logo ResNet50Embedding instructionwidth_type 18:13:37, 18-03-2025","idun-07-10","finished","-","","","2025-03-18T17:26:52.000Z","76","","ISAdetectDataset","ISAdetect/ISAdetect_full_dataset/","ISAdetect-features.csv","1024","true","ResNet50Embedding","128","1024","2","256","instructionwidth_type","64","CrossEntropyLoss","2","0.0001","AdamW","0.01","Vector1D","1024","LOGO_architecture_wandb","5","instructionwidthtype-resnet50embedding-21288728","0.0022759248968213797","1","","0.9928476821192052","0.9928476821192052","0.026037006315349016","0.005620375435309851"
"fold_mips64el","logo ResNet50Embedding instructionwidth_type 18:13:37, 18-03-2025","idun-07-10","finished","-","","","2025-03-18T17:25:36.000Z","75","","ISAdetectDataset","ISAdetect/ISAdetect_full_dataset/","ISAdetect-features.csv","1024","true","ResNet50Embedding","128","1024","2","256","instructionwidth_type","64","CrossEntropyLoss","2","0.0001","AdamW","0.01","Vector1D","1024","LOGO_architecture_wandb","5","instructionwidthtype-resnet50embedding-21288728","0.06221866607666016","1","","1","1","0.0017124207768253708","0.006352977316365974"
"fold_mips","logo ResNet50Embedding instructionwidth_type 18:13:37, 18-03-2025","idun-07-10","finished","-","","","2025-03-18T17:24:20.000Z","75","","ISAdetectDataset","ISAdetect/ISAdetect_full_dataset/","ISAdetect-features.csv","1024","true","ResNet50Embedding","128","1024","2","256","instructionwidth_type","64","CrossEntropyLoss","2","0.0001","AdamW","0.01","Vector1D","1024","LOGO_architecture_wandb","5","instructionwidthtype-resnet50embedding-21288728","0.0003736117505468428","1","","0.826647966339411","0.826647966339411","0.6163484113556998","0.005903909258299424"
"fold_m68k","logo ResNet50Embedding instructionwidth_type 18:13:37, 18-03-2025","idun-07-10","finished","-","","","2025-03-18T17:23:05.000Z","73","","ISAdetectDataset","ISAdetect/ISAdetect_full_dataset/","ISAdetect-features.csv","1024","true","ResNet50Embedding","128","1024","2","256","instructionwidth_type","64","CrossEntropyLoss","2","0.0001","AdamW","0.01","Vector1D","1024","LOGO_architecture_wandb","5","instructionwidthtype-resnet50embedding-21288728","0.000018432327124173753","1","","0.9981818181818182","0.9981818181818182","0.01526886670240935","0.00517861606738453"
"fold_ia64","logo ResNet50Embedding instructionwidth_type 18:13:37, 18-03-2025","idun-07-10","finished","-","","","2025-03-18T17:21:51.000Z","72","","ISAdetectDataset","ISAdetect/ISAdetect_full_dataset/","ISAdetect-features.csv","1024","true","ResNet50Embedding","128","1024","2","256","instructionwidth_type","64","CrossEntropyLoss","2","0.0001","AdamW","0.01","Vector1D","1024","LOGO_architecture_wandb","5","instructionwidthtype-resnet50embedding-21288728","0.000653815979603678","1","","0.14526484751203853","0.14526484751203853","1.8808121513097713","0.006218290174638814"
"fold_i386","logo ResNet50Embedding instructionwidth_type 18:13:37, 18-03-2025","idun-07-10","finished","-","","","2025-03-18T17:20:37.000Z","72","","ISAdetectDataset","ISAdetect/ISAdetect_full_dataset/","ISAdetect-features.csv","1024","true","ResNet50Embedding","128","1024","2","256","instructionwidth_type","64","CrossEntropyLoss","2","0.0001","AdamW","0.01","Vector1D","1024","LOGO_architecture_wandb","5","instructionwidthtype-resnet50embedding-21288728","0.002958814613521099","1","","0.9720101781170484","0.9720101781170484","0.1061351716693025","0.005840519053476327"
"fold_hppa","logo ResNet50Embedding instructionwidth_type 18:13:37, 18-03-2025","idun-07-10","finished","-","","","2025-03-18T17:19:26.000Z","70","","ISAdetectDataset","ISAdetect/ISAdetect_full_dataset/","ISAdetect-features.csv","1024","true","ResNet50Embedding","128","1024","2","256","instructionwidth_type","64","CrossEntropyLoss","2","0.0001","AdamW","0.01","Vector1D","1024","LOGO_architecture_wandb","5","instructionwidthtype-resnet50embedding-21288728","0.000010468941582075786","1","","0.19648033126293996","0.19648033126293996","4.563056058005283","0.006191030381290699"
"fold_armhf","logo ResNet50Embedding instructionwidth_type 18:13:37, 18-03-2025","idun-07-10","finished","-","","","2025-03-18T17:18:14.000Z","70","","ISAdetectDataset","ISAdetect/ISAdetect_full_dataset/","ISAdetect-features.csv","1024","true","ResNet50Embedding","128","1024","2","256","instructionwidth_type","64","CrossEntropyLoss","2","0.0001","AdamW","0.01","Vector1D","1024","LOGO_architecture_wandb","5","instructionwidthtype-resnet50embedding-21288728","0.001171035342849791","1","","0.9909887359199","0.9909887359199","0.030677707040070792","0.0062362818474680365"
"fold_armel","logo ResNet50Embedding instructionwidth_type 18:13:37, 18-03-2025","idun-07-10","finished","-","","","2025-03-18T17:17:04.000Z","69","","ISAdetectDataset","ISAdetect/ISAdetect_full_dataset/","ISAdetect-features.csv","1024","true","ResNet50Embedding","128","1024","2","256","instructionwidth_type","64","CrossEntropyLoss","2","0.0001","AdamW","0.01","Vector1D","1024","LOGO_architecture_wandb","5","instructionwidthtype-resnet50embedding-21288728","0.00005310244159772992","1","","0.9935","0.9935","0.016649988023721286","0.005288534706935423"
"fold_arm64","logo ResNet50Embedding instructionwidth_type 18:13:37, 18-03-2025","idun-07-10","finished","-","","","2025-03-18T17:15:54.000Z","69","","ISAdetectDataset","ISAdetect/ISAdetect_full_dataset/","ISAdetect-features.csv","1024","true","ResNet50Embedding","128","1024","2","256","instructionwidth_type","64","CrossEntropyLoss","2","0.0001","AdamW","0.01","Vector1D","1024","LOGO_architecture_wandb","5","instructionwidthtype-resnet50embedding-21288728","0.00010941045911749824","1","","0.9862486248624862","0.9862486248624862","0.03330754076504443","0.0057505570926686825"
"fold_amd64","logo ResNet50Embedding instructionwidth_type 18:13:37, 18-03-2025","idun-07-10","finished","-","","","2025-03-18T17:14:46.000Z","66","","ISAdetectDataset","ISAdetect/ISAdetect_full_dataset/","ISAdetect-features.csv","1024","true","ResNet50Embedding","128","1024","2","256","instructionwidth_type","64","CrossEntropyLoss","2","0.0001","AdamW","0.01","Vector1D","1024","LOGO_architecture_wandb","5","instructionwidthtype-resnet50embedding-21288728","0.0001744716864777729","1","","0.9649564819056344","0.9649564819056344","0.11320603694901736","0.005275273064464882"
"fold_alpha","logo ResNet50Embedding instructionwidth_type 18:13:37, 18-03-2025","idun-07-10","finished","-","","","2025-03-18T17:13:38.000Z","66","","ISAdetectDataset","ISAdetect/ISAdetect_full_dataset/","ISAdetect-features.csv","1024","true","ResNet50Embedding","128","1024","2","256","instructionwidth_type","64","CrossEntropyLoss","2","0.0001","AdamW","0.01","Vector1D","1024","LOGO_architecture_wandb","5","instructionwidthtype-resnet50embedding-21288728","0.0014841961674392223","1","","0.14202971543691764","0.14202971543691764","6.2726142065865655","0.005641183419244472"
"overall_metrics","logo ResNet50Embedding instructionwidth_type 17:43:32, 18-03-2025","idun-07-10","finished","-","","","2025-03-18T17:13:24.000Z","4","","ISAdetectDataset","ISAdetect/ISAdetect_full_dataset/","ISAdetect-features.csv","1024","true","ResNet50Embedding","128","1024","2","256","instructionwidth_type","64","CrossEntropyLoss","2","0.0001","AdamW","0.01","Vector1D","1024","LOGO_architecture_wandb","4","instructionwidthtype-resnet50embedding-21288728","","","0.7929456922039525","","","",""
"fold_x32","logo ResNet50Embedding instructionwidth_type 17:43:32, 18-03-2025","idun-07-10","finished","-","","","2025-03-18T17:11:59.000Z","84","","ISAdetectDataset","ISAdetect/ISAdetect_full_dataset/","ISAdetect-features.csv","1024","true","ResNet50Embedding","128","1024","2","256","instructionwidth_type","64","CrossEntropyLoss","2","0.0001","AdamW","0.01","Vector1D","1024","LOGO_architecture_wandb","4","instructionwidthtype-resnet50embedding-21288728","0.09716736525297164","1","","0.994013409961686","0.994013409961686","0.036999470762869656","0.005084169460947947"
"fold_sparc64","logo ResNet50Embedding instructionwidth_type 17:43:32, 18-03-2025","idun-07-10","finished","-","","","2025-03-18T17:10:34.000Z","84","","ISAdetectDataset","ISAdetect/ISAdetect_full_dataset/","ISAdetect-features.csv","1024","true","ResNet50Embedding","128","1024","2","256","instructionwidth_type","64","CrossEntropyLoss","2","0.0001","AdamW","0.01","Vector1D","1024","LOGO_architecture_wandb","4","instructionwidthtype-resnet50embedding-21288728","0.00019771601364482191","1","","0.9990842490842492","0.9990842490842492","0.0022615033189700064","0.005942445626305144"
"fold_sparc","logo ResNet50Embedding instructionwidth_type 17:43:32, 18-03-2025","idun-07-10","finished","-","","","2025-03-18T17:09:10.000Z","83","","ISAdetectDataset","ISAdetect/ISAdetect_full_dataset/","ISAdetect-features.csv","1024","true","ResNet50Embedding","128","1024","2","256","instructionwidth_type","64","CrossEntropyLoss","2","0.0001","AdamW","0.01","Vector1D","1024","LOGO_architecture_wandb","4","instructionwidthtype-resnet50embedding-21288728","0.00009312837210018188","1","","0.9985943775100402","0.9985943775100402","0.007855054011974389","0.006012913847947548"
"fold_sh4","logo ResNet50Embedding instructionwidth_type 17:43:32, 18-03-2025","idun-07-10","finished","-","","","2025-03-18T17:07:46.000Z","83","","ISAdetectDataset","ISAdetect/ISAdetect_full_dataset/","ISAdetect-features.csv","1024","true","ResNet50Embedding","128","1024","2","256","instructionwidth_type","64","CrossEntropyLoss","2","0.0001","AdamW","0.01","Vector1D","1024","LOGO_architecture_wandb","4","instructionwidthtype-resnet50embedding-21288728","0.00011715153232216836","1","","0.999831365935919","0.999831365935919","0.00048614688510360306","0.0059885784758684875"
"fold_s390x","logo ResNet50Embedding instructionwidth_type 17:43:32, 18-03-2025","idun-07-10","finished","-","","","2025-03-18T17:06:19.000Z","86","","ISAdetectDataset","ISAdetect/ISAdetect_full_dataset/","ISAdetect-features.csv","1024","true","ResNet50Embedding","128","1024","2","256","instructionwidth_type","64","CrossEntropyLoss","2","0.0001","AdamW","0.01","Vector1D","1024","LOGO_architecture_wandb","4","instructionwidthtype-resnet50embedding-21288728","0.003679366782307625","1","","0.16789146410401357","0.16789146410401357","3.2580732447760448","0.005040977965462882"
"fold_s390","logo ResNet50Embedding instructionwidth_type 17:43:32, 18-03-2025","idun-07-10","finished","-","","","2025-03-18T17:04:56.000Z","82","","ISAdetectDataset","ISAdetect/ISAdetect_full_dataset/","ISAdetect-features.csv","1024","true","ResNet50Embedding","128","1024","2","256","instructionwidth_type","64","CrossEntropyLoss","2","0.0001","AdamW","0.01","Vector1D","1024","LOGO_architecture_wandb","4","instructionwidthtype-resnet50embedding-21288728","0.00010930391727015376","1","","0.0003872966692486445","0.0003872966692486445","7.050188900511942","0.005108200562202525"
"fold_riscv64","logo ResNet50Embedding instructionwidth_type 17:43:32, 18-03-2025","idun-07-10","finished","-","","","2025-03-18T17:03:36.000Z","78","","ISAdetectDataset","ISAdetect/ISAdetect_full_dataset/","ISAdetect-features.csv","1024","true","ResNet50Embedding","128","1024","2","256","instructionwidth_type","64","CrossEntropyLoss","2","0.0001","AdamW","0.01","Vector1D","1024","LOGO_architecture_wandb","4","instructionwidthtype-resnet50embedding-21288728","0.00033370094024576247","1","","0.9995495495495496","0.9995495495495496","0.003228354688534247","0.005739438670632735"
"fold_ppc64el","logo ResNet50Embedding instructionwidth_type 17:43:32, 18-03-2025","idun-07-10","finished","-","","","2025-03-18T17:02:16.000Z","78","","ISAdetectDataset","ISAdetect/ISAdetect_full_dataset/","ISAdetect-features.csv","1024","true","ResNet50Embedding","128","1024","2","256","instructionwidth_type","64","CrossEntropyLoss","2","0.0001","AdamW","0.01","Vector1D","1024","LOGO_architecture_wandb","4","instructionwidthtype-resnet50embedding-21288728","0.3514554798603058","1","","0.9991484530229918","0.9991484530229918","0.0019284054752850871","0.005372409737316103"
"fold_ppc64","logo ResNet50Embedding instructionwidth_type 17:43:32, 18-03-2025","idun-07-10","finished","-","","","2025-03-18T17:00:55.000Z","79","","ISAdetectDataset","ISAdetect/ISAdetect_full_dataset/","ISAdetect-features.csv","1024","true","ResNet50Embedding","128","1024","2","256","instructionwidth_type","64","CrossEntropyLoss","2","0.0001","AdamW","0.01","Vector1D","1024","LOGO_architecture_wandb","4","instructionwidthtype-resnet50embedding-21288728","0.005327389109879732","1","","0.7444405224144017","0.7444405224144017","0.5130081819163428","0.005407044624322628"
"fold_powerpcspe","logo ResNet50Embedding instructionwidth_type 17:43:32, 18-03-2025","idun-07-10","finished","-","","","2025-03-18T16:59:36.000Z","78","","ISAdetectDataset","ISAdetect/ISAdetect_full_dataset/","ISAdetect-features.csv","1024","true","ResNet50Embedding","128","1024","2","256","instructionwidth_type","64","CrossEntropyLoss","2","0.0001","AdamW","0.01","Vector1D","1024","LOGO_architecture_wandb","4","instructionwidthtype-resnet50embedding-21288728","0.000059572823374764994","1","","1","1","0.00015805848937405596","0.005022436553982456"
"fold_powerpc","logo ResNet50Embedding instructionwidth_type 17:43:32, 18-03-2025","idun-07-10","finished","-","","","2025-03-18T16:58:18.000Z","77","","ISAdetectDataset","ISAdetect/ISAdetect_full_dataset/","ISAdetect-features.csv","1024","true","ResNet50Embedding","128","1024","2","256","instructionwidth_type","64","CrossEntropyLoss","2","0.0001","AdamW","0.01","Vector1D","1024","LOGO_architecture_wandb","4","instructionwidthtype-resnet50embedding-21288728","0.00004805501157534309","1","","1","1","0.00006212063455454322","0.005187065890008382"
"fold_mipsel","logo ResNet50Embedding instructionwidth_type 17:43:32, 18-03-2025","idun-07-10","finished","-","","","2025-03-18T16:57:01.000Z","76","","ISAdetectDataset","ISAdetect/ISAdetect_full_dataset/","ISAdetect-features.csv","1024","true","ResNet50Embedding","128","1024","2","256","instructionwidth_type","64","CrossEntropyLoss","2","0.0001","AdamW","0.01","Vector1D","1024","LOGO_architecture_wandb","4","instructionwidthtype-resnet50embedding-21288728","0.0004752978857140988","1","","0.9994701986754968","0.9994701986754968","0.0015738552918542232","0.0055847888583241394"
"fold_mips64el","logo ResNet50Embedding instructionwidth_type 17:43:32, 18-03-2025","idun-07-10","finished","-","","","2025-03-18T16:55:44.000Z","76","","ISAdetectDataset","ISAdetect/ISAdetect_full_dataset/","ISAdetect-features.csv","1024","true","ResNet50Embedding","128","1024","2","256","instructionwidth_type","64","CrossEntropyLoss","2","0.0001","AdamW","0.01","Vector1D","1024","LOGO_architecture_wandb","4","instructionwidthtype-resnet50embedding-21288728","0.00028529937844723463","1","","0.9816790352504638","0.9816790352504638","0.047129920031532976","0.004974526260683723"
"fold_mips","logo ResNet50Embedding instructionwidth_type 17:43:32, 18-03-2025","idun-07-10","finished","-","","","2025-03-18T16:54:27.000Z","76","","ISAdetectDataset","ISAdetect/ISAdetect_full_dataset/","ISAdetect-features.csv","1024","true","ResNet50Embedding","128","1024","2","256","instructionwidth_type","64","CrossEntropyLoss","2","0.0001","AdamW","0.01","Vector1D","1024","LOGO_architecture_wandb","4","instructionwidthtype-resnet50embedding-21288728","0.17820654809474945","1","","0.970266479663394","0.970266479663394","0.09410836958808692","0.0052461767878001315"
"fold_m68k","logo ResNet50Embedding instructionwidth_type 17:43:32, 18-03-2025","idun-07-10","finished","-","","","2025-03-18T16:53:09.000Z","76","","ISAdetectDataset","ISAdetect/ISAdetect_full_dataset/","ISAdetect-features.csv","1024","true","ResNet50Embedding","128","1024","2","256","instructionwidth_type","64","CrossEntropyLoss","2","0.0001","AdamW","0.01","Vector1D","1024","LOGO_architecture_wandb","4","instructionwidthtype-resnet50embedding-21288728","0.0007076374022290111","1","","0.7836363636363637","0.7836363636363637","0.8517333904038304","0.005504277529201321"
"fold_ia64","logo ResNet50Embedding instructionwidth_type 17:43:32, 18-03-2025","idun-07-10","finished","-","","","2025-03-18T16:51:52.000Z","76","","ISAdetectDataset","ISAdetect/ISAdetect_full_dataset/","ISAdetect-features.csv","1024","true","ResNet50Embedding","128","1024","2","256","instructionwidth_type","64","CrossEntropyLoss","2","0.0001","AdamW","0.01","Vector1D","1024","LOGO_architecture_wandb","4","instructionwidthtype-resnet50embedding-21288728","0.000041650462662801147","1","","0.1601123595505618","0.1601123595505618","2.6857495369055333","0.004440021151956585"
"fold_i386","logo ResNet50Embedding instructionwidth_type 17:43:32, 18-03-2025","idun-07-10","finished","-","","","2025-03-18T16:50:36.000Z","75","","ISAdetectDataset","ISAdetect/ISAdetect_full_dataset/","ISAdetect-features.csv","1024","true","ResNet50Embedding","128","1024","2","256","instructionwidth_type","64","CrossEntropyLoss","2","0.0001","AdamW","0.01","Vector1D","1024","LOGO_architecture_wandb","4","instructionwidthtype-resnet50embedding-21288728","0.000004383586201583967","1","","0.9434331571736152","0.9434331571736152","0.14916243737097828","0.004444230613967495"
"fold_hppa","logo ResNet50Embedding instructionwidth_type 17:43:32, 18-03-2025","idun-07-10","finished","-","","","2025-03-18T16:49:21.000Z","74","","ISAdetectDataset","ISAdetect/ISAdetect_full_dataset/","ISAdetect-features.csv","1024","true","ResNet50Embedding","128","1024","2","256","instructionwidth_type","64","CrossEntropyLoss","2","0.0001","AdamW","0.01","Vector1D","1024","LOGO_architecture_wandb","4","instructionwidthtype-resnet50embedding-21288728","0.000045885641156928614","1","","0.5726708074534161","0.5726708074534161","1.483208304173068","0.0050234191961237564"
"fold_armhf","logo ResNet50Embedding instructionwidth_type 17:43:32, 18-03-2025","idun-07-10","finished","-","","","2025-03-18T16:48:09.000Z","71","","ISAdetectDataset","ISAdetect/ISAdetect_full_dataset/","ISAdetect-features.csv","1024","true","ResNet50Embedding","128","1024","2","256","instructionwidth_type","64","CrossEntropyLoss","2","0.0001","AdamW","0.01","Vector1D","1024","LOGO_architecture_wandb","4","instructionwidthtype-resnet50embedding-21288728","0.00005563743980019353","1","","0.9892365456821026","0.9892365456821026","0.03021859236168749","0.005288505917946334"
"fold_armel","logo ResNet50Embedding instructionwidth_type 17:43:32, 18-03-2025","idun-07-10","finished","-","","","2025-03-18T16:46:59.000Z","69","","ISAdetectDataset","ISAdetect/ISAdetect_full_dataset/","ISAdetect-features.csv","1024","true","ResNet50Embedding","128","1024","2","256","instructionwidth_type","64","CrossEntropyLoss","2","0.0001","AdamW","0.01","Vector1D","1024","LOGO_architecture_wandb","4","instructionwidthtype-resnet50embedding-21288728","0.15233434736728668","1","","0.98575","0.98575","0.03700497470212184","0.006104994512707535"
"fold_arm64","logo ResNet50Embedding instructionwidth_type 17:43:32, 18-03-2025","idun-07-10","finished","-","","","2025-03-18T16:45:49.000Z","68","","ISAdetectDataset","ISAdetect/ISAdetect_full_dataset/","ISAdetect-features.csv","1024","true","ResNet50Embedding","128","1024","2","256","instructionwidth_type","64","CrossEntropyLoss","2","0.0001","AdamW","0.01","Vector1D","1024","LOGO_architecture_wandb","4","instructionwidthtype-resnet50embedding-21288728","0.3485986590385437","1","","0.9931243124312432","0.9931243124312432","0.020725137323320823","0.0051396755588334125"
"fold_amd64","logo ResNet50Embedding instructionwidth_type 17:43:32, 18-03-2025","idun-07-10","finished","-","","","2025-03-18T16:44:41.000Z","66","","ISAdetectDataset","ISAdetect/ISAdetect_full_dataset/","ISAdetect-features.csv","1024","true","ResNet50Embedding","128","1024","2","256","instructionwidth_type","64","CrossEntropyLoss","2","0.0001","AdamW","0.01","Vector1D","1024","LOGO_architecture_wandb","4","instructionwidthtype-resnet50embedding-21288728","0.024475619196891785","1","","0.9922125515345854","0.9922125515345854","0.0193039962933403","0.005118378837896235"
"fold_alpha","logo ResNet50Embedding instructionwidth_type 17:43:32, 18-03-2025","idun-07-10","finished","-","","","2025-03-18T16:43:33.000Z","66","","ISAdetectDataset","ISAdetect/ISAdetect_full_dataset/","ISAdetect-features.csv","1024","true","ResNet50Embedding","128","1024","2","256","instructionwidth_type","64","CrossEntropyLoss","2","0.0001","AdamW","0.01","Vector1D","1024","LOGO_architecture_wandb","4","instructionwidthtype-resnet50embedding-21288728","0.001284554949961603","1","","0.18131453034500125","0.18131453034500125","10.106517413305856","0.005382728988765109"
"overall_metrics","logo ResNet50Embedding instructionwidth_type 17:12:55, 18-03-2025","idun-07-10","finished","-","","","2025-03-18T16:43:19.000Z","4","","ISAdetectDataset","ISAdetect/ISAdetect_full_dataset/","ISAdetect-features.csv","1024","true","ResNet50Embedding","128","1024","2","256","instructionwidth_type","64","CrossEntropyLoss","2","0.0001","AdamW","0.01","Vector1D","1024","LOGO_architecture_wandb","3","instructionwidthtype-resnet50embedding-21288728","","","0.8550754707194357","","","",""
"fold_x32","logo ResNet50Embedding instructionwidth_type 17:12:55, 18-03-2025","idun-07-10","finished","-","","","2025-03-18T16:41:55.000Z","83","","ISAdetectDataset","ISAdetect/ISAdetect_full_dataset/","ISAdetect-features.csv","1024","true","ResNet50Embedding","128","1024","2","256","instructionwidth_type","64","CrossEntropyLoss","2","0.0001","AdamW","0.01","Vector1D","1024","LOGO_architecture_wandb","3","instructionwidthtype-resnet50embedding-21288728","0.00005823011451866478","1","","0.9846743295019156","0.9846743295019156","0.06528298854957001","0.00663197865204155"
"fold_sparc64","logo ResNet50Embedding instructionwidth_type 17:12:55, 18-03-2025","idun-07-10","finished","-","","","2025-03-18T16:40:30.000Z","83","","ISAdetectDataset","ISAdetect/ISAdetect_full_dataset/","ISAdetect-features.csv","1024","true","ResNet50Embedding","128","1024","2","256","instructionwidth_type","64","CrossEntropyLoss","2","0.0001","AdamW","0.01","Vector1D","1024","LOGO_architecture_wandb","3","instructionwidthtype-resnet50embedding-21288728","0.034026868641376495","1","","0.9990842490842492","0.9990842490842492","0.004324171905234555","0.006950010169125984"
"fold_sparc","logo ResNet50Embedding instructionwidth_type 17:12:55, 18-03-2025","idun-07-10","finished","-","","","2025-03-18T16:39:08.000Z","81","","ISAdetectDataset","ISAdetect/ISAdetect_full_dataset/","ISAdetect-features.csv","1024","true","ResNet50Embedding","128","1024","2","256","instructionwidth_type","64","CrossEntropyLoss","2","0.0001","AdamW","0.01","Vector1D","1024","LOGO_architecture_wandb","3","instructionwidthtype-resnet50embedding-21288728","0.0013251503696665168","1","","0.9997991967871486","0.9997991967871486","0.0016851600859622406","0.007395932792471675"
"fold_sh4","logo ResNet50Embedding instructionwidth_type 17:12:55, 18-03-2025","idun-07-10","finished","-","","","2025-03-18T16:37:15.000Z","112","","ISAdetectDataset","ISAdetect/ISAdetect_full_dataset/","ISAdetect-features.csv","1024","true","ResNet50Embedding","128","1024","2","256","instructionwidth_type","64","CrossEntropyLoss","2","0.0001","AdamW","0.01","Vector1D","1024","LOGO_architecture_wandb","3","instructionwidthtype-resnet50embedding-21288728","0.00020297795708756897","1","","0.9994940978077572","0.9994940978077572","0.003205812121841616","0.007760080520311768"
"fold_s390x","logo ResNet50Embedding instructionwidth_type 17:12:55, 18-03-2025","idun-07-10","finished","-","","","2025-03-18T16:35:50.000Z","83","","ISAdetectDataset","ISAdetect/ISAdetect_full_dataset/","ISAdetect-features.csv","1024","true","ResNet50Embedding","128","1024","2","256","instructionwidth_type","64","CrossEntropyLoss","2","0.0001","AdamW","0.01","Vector1D","1024","LOGO_architecture_wandb","3","instructionwidthtype-resnet50embedding-21288728","0.001435762969776988","1","","0.07009609949123799","0.07009609949123799","3.2899326852389743","0.005551505560572024"
"fold_s390","logo ResNet50Embedding instructionwidth_type 17:12:55, 18-03-2025","idun-07-10","finished","-","","","2025-03-18T16:34:26.000Z","82","","ISAdetectDataset","ISAdetect/ISAdetect_full_dataset/","ISAdetect-features.csv","1024","true","ResNet50Embedding","128","1024","2","256","instructionwidth_type","64","CrossEntropyLoss","2","0.0001","AdamW","0.01","Vector1D","1024","LOGO_architecture_wandb","3","instructionwidthtype-resnet50embedding-21288728","0.0001941142836585641","1","","0.05809450038729667","0.05809450038729667","4.441603634092543","0.006044698992741009"
"fold_riscv64","logo ResNet50Embedding instructionwidth_type 17:12:55, 18-03-2025","idun-07-10","finished","-","","","2025-03-18T16:33:03.000Z","82","","ISAdetectDataset","ISAdetect/ISAdetect_full_dataset/","ISAdetect-features.csv","1024","true","ResNet50Embedding","128","1024","2","256","instructionwidth_type","64","CrossEntropyLoss","2","0.0001","AdamW","0.01","Vector1D","1024","LOGO_architecture_wandb","3","instructionwidthtype-resnet50embedding-21288728","0.00011076153896283358","1","","0.9894144144144144","0.9894144144144144","0.026813023131606835","0.006483268290419424"
"fold_ppc64el","logo ResNet50Embedding instructionwidth_type 17:12:55, 18-03-2025","idun-07-10","finished","-","","","2025-03-18T16:31:43.000Z","79","","ISAdetectDataset","ISAdetect/ISAdetect_full_dataset/","ISAdetect-features.csv","1024","true","ResNet50Embedding","128","1024","2","256","instructionwidth_type","64","CrossEntropyLoss","2","0.0001","AdamW","0.01","Vector1D","1024","LOGO_architecture_wandb","3","instructionwidthtype-resnet50embedding-21288728","0.00004980947051080875","1","","0.9974453590689754","0.9974453590689754","0.01083405498833859","0.007959573525124502"
"fold_ppc64","logo ResNet50Embedding instructionwidth_type 17:12:55, 18-03-2025","idun-07-10","finished","-","","","2025-03-18T16:30:22.000Z","80","","ISAdetectDataset","ISAdetect/ISAdetect_full_dataset/","ISAdetect-features.csv","1024","true","ResNet50Embedding","128","1024","2","256","instructionwidth_type","64","CrossEntropyLoss","2","0.0001","AdamW","0.01","Vector1D","1024","LOGO_architecture_wandb","3","instructionwidthtype-resnet50embedding-21288728","0.0006575030274689198","1","","0.7373808683374514","0.7373808683374514","0.5579632573657566","0.005759836429437295"
"fold_powerpcspe","logo ResNet50Embedding instructionwidth_type 17:12:55, 18-03-2025","idun-07-10","finished","-","","","2025-03-18T16:28:59.000Z","81","","ISAdetectDataset","ISAdetect/ISAdetect_full_dataset/","ISAdetect-features.csv","1024","true","ResNet50Embedding","128","1024","2","256","instructionwidth_type","64","CrossEntropyLoss","2","0.0001","AdamW","0.01","Vector1D","1024","LOGO_architecture_wandb","3","instructionwidthtype-resnet50embedding-21288728","0.0003980431647505611","1","","0.9997475385003788","0.9997475385003788","0.00031274147725144437","0.006819713514587703"
"fold_powerpc","logo ResNet50Embedding instructionwidth_type 17:12:55, 18-03-2025","idun-07-10","finished","-","","","2025-03-18T16:27:38.000Z","80","","ISAdetectDataset","ISAdetect/ISAdetect_full_dataset/","ISAdetect-features.csv","1024","true","ResNet50Embedding","128","1024","2","256","instructionwidth_type","64","CrossEntropyLoss","2","0.0001","AdamW","0.01","Vector1D","1024","LOGO_architecture_wandb","3","instructionwidthtype-resnet50embedding-21288728","0.00042534482781775296","1","","0.9980721564307352","0.9980721564307352","0.006954029951757228","0.005973329519898031"
"fold_mipsel","logo ResNet50Embedding instructionwidth_type 17:12:55, 18-03-2025","idun-07-10","finished","-","","","2025-03-18T16:26:19.000Z","78","","ISAdetectDataset","ISAdetect/ISAdetect_full_dataset/","ISAdetect-features.csv","1024","true","ResNet50Embedding","128","1024","2","256","instructionwidth_type","64","CrossEntropyLoss","2","0.0001","AdamW","0.01","Vector1D","1024","LOGO_architecture_wandb","3","instructionwidthtype-resnet50embedding-21288728","0.000011801341315731406","1","","0.9917880794701986","0.9917880794701986","0.02859132088110913","0.006598779193380887"
"fold_mips64el","logo ResNet50Embedding instructionwidth_type 17:12:55, 18-03-2025","idun-07-10","finished","-","","","2025-03-18T16:25:04.000Z","74","","ISAdetectDataset","ISAdetect/ISAdetect_full_dataset/","ISAdetect-features.csv","1024","true","ResNet50Embedding","128","1024","2","256","instructionwidth_type","64","CrossEntropyLoss","2","0.0001","AdamW","0.01","Vector1D","1024","LOGO_architecture_wandb","3","instructionwidthtype-resnet50embedding-21288728","0.000053427582315634936","1","","0.7903525046382189","0.7903525046382189","0.7187046042698271","0.0060483773520943265"
"fold_mips","logo ResNet50Embedding instructionwidth_type 17:12:55, 18-03-2025","idun-07-10","finished","-","","","2025-03-18T16:23:46.000Z","76","","ISAdetectDataset","ISAdetect/ISAdetect_full_dataset/","ISAdetect-features.csv","1024","true","ResNet50Embedding","128","1024","2","256","instructionwidth_type","64","CrossEntropyLoss","2","0.0001","AdamW","0.01","Vector1D","1024","LOGO_architecture_wandb","3","instructionwidthtype-resnet50embedding-21288728","0.0017471443861722946","1","","0.9946704067321178","0.9946704067321178","0.019572592960944997","0.00777652586681471"
"fold_m68k","logo ResNet50Embedding instructionwidth_type 17:12:55, 18-03-2025","idun-07-10","finished","-","","","2025-03-18T16:22:29.000Z","76","","ISAdetectDataset","ISAdetect/ISAdetect_full_dataset/","ISAdetect-features.csv","1024","true","ResNet50Embedding","128","1024","2","256","instructionwidth_type","64","CrossEntropyLoss","2","0.0001","AdamW","0.01","Vector1D","1024","LOGO_architecture_wandb","3","instructionwidthtype-resnet50embedding-21288728","0.0031483788043260574","1","","0.9836363636363636","0.9836363636363636","0.06062558976649914","0.006080721997964671"
"fold_ia64","logo ResNet50Embedding instructionwidth_type 17:12:55, 18-03-2025","idun-07-10","finished","-","","","2025-03-18T16:21:14.000Z","74","","ISAdetectDataset","ISAdetect/ISAdetect_full_dataset/","ISAdetect-features.csv","1024","true","ResNet50Embedding","128","1024","2","256","instructionwidth_type","64","CrossEntropyLoss","2","0.0001","AdamW","0.01","Vector1D","1024","LOGO_architecture_wandb","3","instructionwidthtype-resnet50embedding-21288728","0.00007020663178991526","1","","0.8258426966292135","0.8258426966292135","0.5886987377053652","0.0059317299733510865"
"fold_i386","logo ResNet50Embedding instructionwidth_type 17:12:55, 18-03-2025","idun-07-10","finished","-","","","2025-03-18T16:19:58.000Z","75","","ISAdetectDataset","ISAdetect/ISAdetect_full_dataset/","ISAdetect-features.csv","1024","true","ResNet50Embedding","128","1024","2","256","instructionwidth_type","64","CrossEntropyLoss","2","0.0001","AdamW","0.01","Vector1D","1024","LOGO_architecture_wandb","3","instructionwidthtype-resnet50embedding-21288728","0.0000805312956799753","1","","0.8772753963593658","0.8772753963593658","0.40991282295435666","0.007439821014961194"
"fold_hppa","logo ResNet50Embedding instructionwidth_type 17:12:55, 18-03-2025","idun-07-10","finished","-","","","2025-03-18T16:18:47.000Z","69","","ISAdetectDataset","ISAdetect/ISAdetect_full_dataset/","ISAdetect-features.csv","1024","true","ResNet50Embedding","128","1024","2","256","instructionwidth_type","64","CrossEntropyLoss","2","0.0001","AdamW","0.01","Vector1D","1024","LOGO_architecture_wandb","3","instructionwidthtype-resnet50embedding-21288728","0.0001112426252802834","1","","0.9995859213250518","0.9995859213250518","0.000998670497019224","0.007092891881741247"
"fold_armhf","logo ResNet50Embedding instructionwidth_type 17:12:55, 18-03-2025","idun-07-10","finished","-","","","2025-03-18T16:17:35.000Z","71","","ISAdetectDataset","ISAdetect/ISAdetect_full_dataset/","ISAdetect-features.csv","1024","true","ResNet50Embedding","128","1024","2","256","instructionwidth_type","64","CrossEntropyLoss","2","0.0001","AdamW","0.01","Vector1D","1024","LOGO_architecture_wandb","3","instructionwidthtype-resnet50embedding-21288728","0.0003203572705388069","1","","0.9647058823529412","0.9647058823529412","0.1945072316180264","0.004743517090482304"
"fold_armel","logo ResNet50Embedding instructionwidth_type 17:12:55, 18-03-2025","idun-07-10","finished","-","","","2025-03-18T16:16:25.000Z","69","","ISAdetectDataset","ISAdetect/ISAdetect_full_dataset/","ISAdetect-features.csv","1024","true","ResNet50Embedding","128","1024","2","256","instructionwidth_type","64","CrossEntropyLoss","2","0.0001","AdamW","0.01","Vector1D","1024","LOGO_architecture_wandb","3","instructionwidthtype-resnet50embedding-21288728","0.00013443618081510067","1","","0.99525","0.99525","0.03595272547149834","0.005174864392956378"
"fold_arm64","logo ResNet50Embedding instructionwidth_type 17:12:55, 18-03-2025","idun-07-10","finished","-","","","2025-03-18T16:15:15.000Z","69","","ISAdetectDataset","ISAdetect/ISAdetect_full_dataset/","ISAdetect-features.csv","1024","true","ResNet50Embedding","128","1024","2","256","instructionwidth_type","64","CrossEntropyLoss","2","0.0001","AdamW","0.01","Vector1D","1024","LOGO_architecture_wandb","3","instructionwidthtype-resnet50embedding-21288728","0.4142108261585235","1","","0.9834983498349836","0.9834983498349836","0.07641918893817715","0.007063070619307272"
"fold_amd64","logo ResNet50Embedding instructionwidth_type 17:12:55, 18-03-2025","idun-07-10","finished","-","","","2025-03-18T16:14:06.000Z","68","","ISAdetectDataset","ISAdetect/ISAdetect_full_dataset/","ISAdetect-features.csv","1024","true","ResNet50Embedding","128","1024","2","256","instructionwidth_type","64","CrossEntropyLoss","2","0.0001","AdamW","0.01","Vector1D","1024","LOGO_architecture_wandb","3","instructionwidthtype-resnet50embedding-21288728","0.001134901074692607","1","","0.9821346770499312","0.9821346770499312","0.04494421471516008","0.005054626879072366"
"fold_alpha","logo ResNet50Embedding instructionwidth_type 17:12:55, 18-03-2025","idun-07-10","finished","-","","","2025-03-18T16:12:56.000Z","68","","ISAdetectDataset","ISAdetect/ISAdetect_full_dataset/","ISAdetect-features.csv","1024","true","ResNet50Embedding","128","1024","2","256","instructionwidth_type","64","CrossEntropyLoss","2","0.0001","AdamW","0.01","Vector1D","1024","LOGO_architecture_wandb","3","instructionwidthtype-resnet50embedding-21288728","0.00010617504449328408","1","","0.4671367413749685","0.4671367413749685","2.1455567677815757","0.007105434704388427"
"overall_metrics","logo ResNet50Embedding instructionwidth_type 16:42:40, 18-03-2025","idun-07-10","finished","-","","","2025-03-18T16:12:42.000Z","4","","ISAdetectDataset","ISAdetect/ISAdetect_full_dataset/","ISAdetect-features.csv","1024","true","ResNet50Embedding","128","1024","2","256","instructionwidth_type","64","CrossEntropyLoss","2","0.0001","AdamW","0.01","Vector1D","1024","LOGO_architecture_wandb","2","instructionwidthtype-resnet50embedding-21288728","","","0.783142279163857","","","",""
"fold_x32","logo ResNet50Embedding instructionwidth_type 16:42:40, 18-03-2025","idun-07-10","finished","-","","","2025-03-18T16:11:13.000Z","87","","ISAdetectDataset","ISAdetect/ISAdetect_full_dataset/","ISAdetect-features.csv","1024","true","ResNet50Embedding","128","1024","2","256","instructionwidth_type","64","CrossEntropyLoss","2","0.0001","AdamW","0.01","Vector1D","1024","LOGO_architecture_wandb","2","instructionwidthtype-resnet50embedding-21288728","0.000379683799110353","1","","0.9942528735632185","0.9942528735632185","0.024508576650766896","0.0055546213012913"
"fold_sparc64","logo ResNet50Embedding instructionwidth_type 16:42:40, 18-03-2025","idun-07-10","finished","-","","","2025-03-18T16:09:46.000Z","86","","ISAdetectDataset","ISAdetect/ISAdetect_full_dataset/","ISAdetect-features.csv","1024","true","ResNet50Embedding","128","1024","2","256","instructionwidth_type","64","CrossEntropyLoss","2","0.0001","AdamW","0.01","Vector1D","1024","LOGO_architecture_wandb","2","instructionwidthtype-resnet50embedding-21288728","0.00004371062823338434","1","","0.9835164835164836","0.9835164835164836","0.05203875147540552","0.005898326981759434"
"fold_sparc","logo ResNet50Embedding instructionwidth_type 16:42:40, 18-03-2025","idun-07-10","finished","-","","","2025-03-18T16:08:24.000Z","81","","ISAdetectDataset","ISAdetect/ISAdetect_full_dataset/","ISAdetect-features.csv","1024","true","ResNet50Embedding","128","1024","2","256","instructionwidth_type","64","CrossEntropyLoss","2","0.0001","AdamW","0.01","Vector1D","1024","LOGO_architecture_wandb","2","instructionwidthtype-resnet50embedding-21288728","0.00001646525015530642","1","","0.9993975903614458","0.9993975903614458","0.002388772867771667","0.005132976182551653"
"fold_sh4","logo ResNet50Embedding instructionwidth_type 16:42:40, 18-03-2025","idun-07-10","finished","-","","","2025-03-18T16:07:02.000Z","81","","ISAdetectDataset","ISAdetect/ISAdetect_full_dataset/","ISAdetect-features.csv","1024","true","ResNet50Embedding","128","1024","2","256","instructionwidth_type","64","CrossEntropyLoss","2","0.0001","AdamW","0.01","Vector1D","1024","LOGO_architecture_wandb","2","instructionwidthtype-resnet50embedding-21288728","0.00018166507652495056","1","","0.9993254637436764","0.9993254637436764","0.002655582200023546","0.005562053586734568"
"fold_s390x","logo ResNet50Embedding instructionwidth_type 16:42:40, 18-03-2025","idun-07-10","finished","-","","","2025-03-18T16:05:40.000Z","81","","ISAdetectDataset","ISAdetect/ISAdetect_full_dataset/","ISAdetect-features.csv","1024","true","ResNet50Embedding","128","1024","2","256","instructionwidth_type","64","CrossEntropyLoss","2","0.0001","AdamW","0.01","Vector1D","1024","LOGO_architecture_wandb","2","instructionwidthtype-resnet50embedding-21288728","0.0021980826277285814","1","","0.029960429621254947","0.029960429621254947","4.044918566942215","0.0052838828099097705"
"fold_s390","logo ResNet50Embedding instructionwidth_type 16:42:40, 18-03-2025","idun-07-10","finished","-","","","2025-03-18T16:04:17.000Z","81","","ISAdetectDataset","ISAdetect/ISAdetect_full_dataset/","ISAdetect-features.csv","1024","true","ResNet50Embedding","128","1024","2","256","instructionwidth_type","64","CrossEntropyLoss","2","0.0001","AdamW","0.01","Vector1D","1024","LOGO_architecture_wandb","2","instructionwidthtype-resnet50embedding-21288728","0.0002573186648078263","1","","0.012587141750580944","0.012587141750580944","5.166768674497251","0.005485753429068674"
"fold_riscv64","logo ResNet50Embedding instructionwidth_type 16:42:40, 18-03-2025","idun-07-10","finished","-","","","2025-03-18T16:02:54.000Z","82","","ISAdetectDataset","ISAdetect/ISAdetect_full_dataset/","ISAdetect-features.csv","1024","true","ResNet50Embedding","128","1024","2","256","instructionwidth_type","64","CrossEntropyLoss","2","0.0001","AdamW","0.01","Vector1D","1024","LOGO_architecture_wandb","2","instructionwidthtype-resnet50embedding-21288728","0.000007257460310938768","1","","0.9988738738738738","0.9988738738738738","0.002515901474024369","0.0049700231679616165"
"fold_ppc64el","logo ResNet50Embedding instructionwidth_type 16:42:40, 18-03-2025","idun-07-10","finished","-","","","2025-03-18T16:01:30.000Z","82","","ISAdetectDataset","ISAdetect/ISAdetect_full_dataset/","ISAdetect-features.csv","1024","true","ResNet50Embedding","128","1024","2","256","instructionwidth_type","64","CrossEntropyLoss","2","0.0001","AdamW","0.01","Vector1D","1024","LOGO_architecture_wandb","2","instructionwidthtype-resnet50embedding-21288728","0.7174427509307861","1","","0.999716151007664","0.999716151007664","0.0007109776538771127","0.006711298526763002"
"fold_ppc64","logo ResNet50Embedding instructionwidth_type 16:42:40, 18-03-2025","idun-07-10","finished","-","","","2025-03-18T16:00:09.000Z","80","","ISAdetectDataset","ISAdetect/ISAdetect_full_dataset/","ISAdetect-features.csv","1024","true","ResNet50Embedding","128","1024","2","256","instructionwidth_type","64","CrossEntropyLoss","2","0.0001","AdamW","0.01","Vector1D","1024","LOGO_architecture_wandb","2","instructionwidthtype-resnet50embedding-21288728","0.000011663418263196943","1","","0.9795270031768444","0.9795270031768444","0.0577301708360513","0.005012078546042549"
"fold_powerpcspe","logo ResNet50Embedding instructionwidth_type 16:42:40, 18-03-2025","idun-07-10","finished","-","","","2025-03-18T15:58:50.000Z","78","","ISAdetectDataset","ISAdetect/ISAdetect_full_dataset/","ISAdetect-features.csv","1024","true","ResNet50Embedding","128","1024","2","256","instructionwidth_type","64","CrossEntropyLoss","2","0.0001","AdamW","0.01","Vector1D","1024","LOGO_architecture_wandb","2","instructionwidthtype-resnet50embedding-21288728","0.00012946041533723474","1","","1","1","0.000034976322592316844","0.004418847396953103"
"fold_powerpc","logo ResNet50Embedding instructionwidth_type 16:42:40, 18-03-2025","idun-07-10","finished","-","","","2025-03-18T15:57:30.000Z","79","","ISAdetectDataset","ISAdetect/ISAdetect_full_dataset/","ISAdetect-features.csv","1024","true","ResNet50Embedding","128","1024","2","256","instructionwidth_type","64","CrossEntropyLoss","2","0.0001","AdamW","0.01","Vector1D","1024","LOGO_architecture_wandb","2","instructionwidthtype-resnet50embedding-21288728","0.00018742158135864884","1","","1","1","0.00015725143289832007","0.0052546197041057644"
"fold_mipsel","logo ResNet50Embedding instructionwidth_type 16:42:40, 18-03-2025","idun-07-10","finished","-","","","2025-03-18T15:56:10.000Z","79","","ISAdetectDataset","ISAdetect/ISAdetect_full_dataset/","ISAdetect-features.csv","1024","true","ResNet50Embedding","128","1024","2","256","instructionwidth_type","64","CrossEntropyLoss","2","0.0001","AdamW","0.01","Vector1D","1024","LOGO_architecture_wandb","2","instructionwidthtype-resnet50embedding-21288728","0.0000880989755387418","1","","0.9989403973509934","0.9989403973509934","0.004527974058338275","0.005586830903443874"
"fold_mips64el","logo ResNet50Embedding instructionwidth_type 16:42:40, 18-03-2025","idun-07-10","finished","-","","","2025-03-18T15:54:51.000Z","78","","ISAdetectDataset","ISAdetect/ISAdetect_full_dataset/","ISAdetect-features.csv","1024","true","ResNet50Embedding","128","1024","2","256","instructionwidth_type","64","CrossEntropyLoss","2","0.0001","AdamW","0.01","Vector1D","1024","LOGO_architecture_wandb","2","instructionwidthtype-resnet50embedding-21288728","0.000097028590971604","1","","1","1","0.0002121349282734788","0.006034352584083251"
"fold_mips","logo ResNet50Embedding instructionwidth_type 16:42:40, 18-03-2025","idun-07-10","finished","-","","","2025-03-18T15:53:34.000Z","75","","ISAdetectDataset","ISAdetect/ISAdetect_full_dataset/","ISAdetect-features.csv","1024","true","ResNet50Embedding","128","1024","2","256","instructionwidth_type","64","CrossEntropyLoss","2","0.0001","AdamW","0.01","Vector1D","1024","LOGO_architecture_wandb","2","instructionwidthtype-resnet50embedding-21288728","0.1741064488887787","1","","0.9918653576437588","0.9918653576437588","0.034754569575852656","0.005605257282175426"
"fold_m68k","logo ResNet50Embedding instructionwidth_type 16:42:40, 18-03-2025","idun-07-10","finished","-","","","2025-03-18T15:52:19.000Z","73","","ISAdetectDataset","ISAdetect/ISAdetect_full_dataset/","ISAdetect-features.csv","1024","true","ResNet50Embedding","128","1024","2","256","instructionwidth_type","64","CrossEntropyLoss","2","0.0001","AdamW","0.01","Vector1D","1024","LOGO_architecture_wandb","2","instructionwidthtype-resnet50embedding-21288728","0.00010007496894104406","1","","0.19613636363636364","0.19613636363636364","3.8020985299262446","0.004845026139530789"
"fold_ia64","logo ResNet50Embedding instructionwidth_type 16:42:40, 18-03-2025","idun-07-10","finished","-","","","2025-03-18T15:51:06.000Z","72","","ISAdetectDataset","ISAdetect/ISAdetect_full_dataset/","ISAdetect-features.csv","1024","true","ResNet50Embedding","128","1024","2","256","instructionwidth_type","64","CrossEntropyLoss","2","0.0001","AdamW","0.01","Vector1D","1024","LOGO_architecture_wandb","2","instructionwidthtype-resnet50embedding-21288728","0.00008824127871776","1","","0.007423756019261637","0.007423756019261637","4.865624739573552","0.003787774378080085"
"fold_i386","logo ResNet50Embedding instructionwidth_type 16:42:40, 18-03-2025","idun-07-10","finished","-","","","2025-03-18T15:49:51.000Z","73","","ISAdetectDataset","ISAdetect/ISAdetect_full_dataset/","ISAdetect-features.csv","1024","true","ResNet50Embedding","128","1024","2","256","instructionwidth_type","64","CrossEntropyLoss","2","0.0001","AdamW","0.01","Vector1D","1024","LOGO_architecture_wandb","2","instructionwidthtype-resnet50embedding-21288728","0.000009341521035821644","1","","0.9502838128792328","0.9502838128792328","0.15074059790931643","0.004238157369339594"
"fold_hppa","logo ResNet50Embedding instructionwidth_type 16:42:40, 18-03-2025","idun-07-10","finished","-","","","2025-03-18T15:48:34.000Z","75","","ISAdetectDataset","ISAdetect/ISAdetect_full_dataset/","ISAdetect-features.csv","1024","true","ResNet50Embedding","128","1024","2","256","instructionwidth_type","64","CrossEntropyLoss","2","0.0001","AdamW","0.01","Vector1D","1024","LOGO_architecture_wandb","2","instructionwidthtype-resnet50embedding-21288728","0.00004769659790326841","1","","0.9989648033126294","0.9989648033126294","0.006836479160579313","0.005159902818853343"
"fold_armhf","logo ResNet50Embedding instructionwidth_type 16:42:40, 18-03-2025","idun-07-10","finished","-","","","2025-03-18T15:47:19.000Z","73","","ISAdetectDataset","ISAdetect/ISAdetect_full_dataset/","ISAdetect-features.csv","1024","true","ResNet50Embedding","128","1024","2","256","instructionwidth_type","64","CrossEntropyLoss","2","0.0001","AdamW","0.01","Vector1D","1024","LOGO_architecture_wandb","2","instructionwidthtype-resnet50embedding-21288728","0.00030644951038993895","1","","0.9827284105131414","0.9827284105131414","0.041531030623965695","0.0047014582173306755"
"fold_armel","logo ResNet50Embedding instructionwidth_type 16:42:40, 18-03-2025","idun-07-10","finished","-","","","2025-03-18T15:46:08.000Z","70","","ISAdetectDataset","ISAdetect/ISAdetect_full_dataset/","ISAdetect-features.csv","1024","true","ResNet50Embedding","128","1024","2","256","instructionwidth_type","64","CrossEntropyLoss","2","0.0001","AdamW","0.01","Vector1D","1024","LOGO_architecture_wandb","2","instructionwidthtype-resnet50embedding-21288728","0.00008239519956987351","1","","0.9955","0.9955","0.009814043708632068","0.004200578240829474"
"fold_arm64","logo ResNet50Embedding instructionwidth_type 16:42:40, 18-03-2025","idun-07-10","finished","-","","","2025-03-18T15:44:58.000Z","69","","ISAdetectDataset","ISAdetect/ISAdetect_full_dataset/","ISAdetect-features.csv","1024","true","ResNet50Embedding","128","1024","2","256","instructionwidth_type","64","CrossEntropyLoss","2","0.0001","AdamW","0.01","Vector1D","1024","LOGO_architecture_wandb","2","instructionwidthtype-resnet50embedding-21288728","0.000008753994734433945","1","","0.982948294829483","0.982948294829483","0.046524296776113805","0.005415603782516412"
"fold_amd64","logo ResNet50Embedding instructionwidth_type 16:42:40, 18-03-2025","idun-07-10","finished","-","","","2025-03-18T15:43:48.000Z","68","","ISAdetectDataset","ISAdetect/ISAdetect_full_dataset/","ISAdetect-features.csv","1024","true","ResNet50Embedding","128","1024","2","256","instructionwidth_type","64","CrossEntropyLoss","2","0.0001","AdamW","0.01","Vector1D","1024","LOGO_architecture_wandb","2","instructionwidthtype-resnet50embedding-21288728","0.03557271137833595","1","","0.961749885478699","0.961749885478699","0.1631975954776441","0.005923856756741551"
"fold_alpha","logo ResNet50Embedding instructionwidth_type 16:42:40, 18-03-2025","idun-07-10","finished","-","","","2025-03-18T15:42:40.000Z","67","","ISAdetectDataset","ISAdetect/ISAdetect_full_dataset/","ISAdetect-features.csv","1024","true","ResNet50Embedding","128","1024","2","256","instructionwidth_type","64","CrossEntropyLoss","2","0.0001","AdamW","0.01","Vector1D","1024","LOGO_architecture_wandb","2","instructionwidthtype-resnet50embedding-21288728","0.004254555329680443","1","","0.21128179299924452","0.21128179299924452","3.829802093051729","0.00484328277007615"
"overall_metrics","logo ResNet50Embedding instructionwidth_type 16:11:12, 18-03-2025","idun-07-10","finished","-","","","2025-03-18T15:42:18.000Z","7","","ISAdetectDataset","ISAdetect/ISAdetect_full_dataset/","ISAdetect-features.csv","1024","true","ResNet50Embedding","128","1024","2","256","instructionwidth_type","64","CrossEntropyLoss","2","0.0001","AdamW","0.01","Vector1D","1024","LOGO_architecture_wandb","1","instructionwidthtype-resnet50embedding-21288728","","","0.838508221380777","","","",""
"fold_x32","logo ResNet50Embedding instructionwidth_type 16:11:12, 18-03-2025","idun-07-10","finished","-","","","2025-03-18T15:40:51.000Z","86","","ISAdetectDataset","ISAdetect/ISAdetect_full_dataset/","ISAdetect-features.csv","1024","true","ResNet50Embedding","128","1024","2","256","instructionwidth_type","64","CrossEntropyLoss","2","0.0001","AdamW","0.01","Vector1D","1024","LOGO_architecture_wandb","1","instructionwidthtype-resnet50embedding-21288728","0.0000383181068173144","1","","0.9995210727969348","0.9995210727969348","0.0026124041116941735","0.006144176408714474"
"fold_sparc64","logo ResNet50Embedding instructionwidth_type 16:11:12, 18-03-2025","idun-07-10","finished","-","","","2025-03-18T15:39:23.000Z","86","","ISAdetectDataset","ISAdetect/ISAdetect_full_dataset/","ISAdetect-features.csv","1024","true","ResNet50Embedding","128","1024","2","256","instructionwidth_type","64","CrossEntropyLoss","2","0.0001","AdamW","0.01","Vector1D","1024","LOGO_architecture_wandb","1","instructionwidthtype-resnet50embedding-21288728","0.00006458660936914384","1","","0.997863247863248","0.997863247863248","0.006264108657398118","0.005803136894857894"
"fold_sparc","logo ResNet50Embedding instructionwidth_type 16:11:12, 18-03-2025","idun-07-10","finished","-","","","2025-03-18T15:37:58.000Z","84","","ISAdetectDataset","ISAdetect/ISAdetect_full_dataset/","ISAdetect-features.csv","1024","true","ResNet50Embedding","128","1024","2","256","instructionwidth_type","64","CrossEntropyLoss","2","0.0001","AdamW","0.01","Vector1D","1024","LOGO_architecture_wandb","1","instructionwidthtype-resnet50embedding-21288728","0.0004109960573259741","1","","0.9869477911646586","0.9869477911646586","0.03669815188130507","0.008213308704716106"
"fold_sh4","logo ResNet50Embedding instructionwidth_type 16:11:12, 18-03-2025","idun-07-10","finished","-","","","2025-03-18T15:36:36.000Z","80","","ISAdetectDataset","ISAdetect/ISAdetect_full_dataset/","ISAdetect-features.csv","1024","true","ResNet50Embedding","128","1024","2","256","instructionwidth_type","64","CrossEntropyLoss","2","0.0001","AdamW","0.01","Vector1D","1024","LOGO_architecture_wandb","1","instructionwidthtype-resnet50embedding-21288728","0.000765956356190145","1","","0.9922428330522766","0.9922428330522766","0.022344666300341487","0.008188483192782394"
"fold_s390x","logo ResNet50Embedding instructionwidth_type 16:11:12, 18-03-2025","idun-07-10","finished","-","","","2025-03-18T15:35:14.000Z","80","","ISAdetectDataset","ISAdetect/ISAdetect_full_dataset/","ISAdetect-features.csv","1024","true","ResNet50Embedding","128","1024","2","256","instructionwidth_type","64","CrossEntropyLoss","2","0.0001","AdamW","0.01","Vector1D","1024","LOGO_architecture_wandb","1","instructionwidthtype-resnet50embedding-21288728","0.00008444498962489888","1","","0.963256076879593","0.963256076879593","0.11486400115037602","0.007450118991382411"
"fold_s390","logo ResNet50Embedding instructionwidth_type 16:11:12, 18-03-2025","idun-07-10","finished","-","","","2025-03-18T15:33:53.000Z","79","","ISAdetectDataset","ISAdetect/ISAdetect_full_dataset/","ISAdetect-features.csv","1024","true","ResNet50Embedding","128","1024","2","256","instructionwidth_type","64","CrossEntropyLoss","2","0.0001","AdamW","0.01","Vector1D","1024","LOGO_architecture_wandb","1","instructionwidthtype-resnet50embedding-21288728","0.010641966946423054","1","","0.033113865220759105","0.033113865220759105","3.8854897522631986","0.006396232984309957"
"fold_riscv64","logo ResNet50Embedding instructionwidth_type 16:11:12, 18-03-2025","idun-07-10","finished","-","","","2025-03-18T15:32:31.000Z","80","","ISAdetectDataset","ISAdetect/ISAdetect_full_dataset/","ISAdetect-features.csv","1024","true","ResNet50Embedding","128","1024","2","256","instructionwidth_type","64","CrossEntropyLoss","2","0.0001","AdamW","0.01","Vector1D","1024","LOGO_architecture_wandb","1","instructionwidthtype-resnet50embedding-21288728","0.00003271118475822732","1","","0.9997747747747748","0.9997747747747748","0.0008299792579366892","0.005881682968968372"
"fold_ppc64el","logo ResNet50Embedding instructionwidth_type 16:11:12, 18-03-2025","idun-07-10","finished","-","","","2025-03-18T15:31:07.000Z","82","","ISAdetectDataset","ISAdetect/ISAdetect_full_dataset/","ISAdetect-features.csv","1024","true","ResNet50Embedding","128","1024","2","256","instructionwidth_type","64","CrossEntropyLoss","2","0.0001","AdamW","0.01","Vector1D","1024","LOGO_architecture_wandb","1","instructionwidthtype-resnet50embedding-21288728","0.000003963678864238318","1","","0.9988646040306556","0.9988646040306556","0.0046340572054240125","0.006615398855952542"
"fold_ppc64","logo ResNet50Embedding instructionwidth_type 16:11:12, 18-03-2025","idun-07-10","finished","-","","","2025-03-18T15:29:44.000Z","82","","ISAdetectDataset","ISAdetect/ISAdetect_full_dataset/","ISAdetect-features.csv","1024","true","ResNet50Embedding","128","1024","2","256","instructionwidth_type","64","CrossEntropyLoss","2","0.0001","AdamW","0.01","Vector1D","1024","LOGO_architecture_wandb","1","instructionwidthtype-resnet50embedding-21288728","0.0006081598694436252","1","","0.9474055771267208","0.9474055771267208","0.14567465335130692","0.00641248471440368"
"fold_powerpcspe","logo ResNet50Embedding instructionwidth_type 16:11:12, 18-03-2025","idun-07-10","finished","-","","","2025-03-18T15:28:21.000Z","81","","ISAdetectDataset","ISAdetect/ISAdetect_full_dataset/","ISAdetect-features.csv","1024","true","ResNet50Embedding","128","1024","2","256","instructionwidth_type","64","CrossEntropyLoss","2","0.0001","AdamW","0.01","Vector1D","1024","LOGO_architecture_wandb","1","instructionwidthtype-resnet50embedding-21288728","0.0007666281890124083","1","","1","1","0.000027922591382981232","0.006666227991970266"
"fold_powerpc","logo ResNet50Embedding instructionwidth_type 16:11:12, 18-03-2025","idun-07-10","finished","-","","","2025-03-18T15:27:01.000Z","79","","ISAdetectDataset","ISAdetect/ISAdetect_full_dataset/","ISAdetect-features.csv","1024","true","ResNet50Embedding","128","1024","2","256","instructionwidth_type","64","CrossEntropyLoss","2","0.0001","AdamW","0.01","Vector1D","1024","LOGO_architecture_wandb","1","instructionwidthtype-resnet50embedding-21288728","0.00013254025543574244","1","","1","1","0.0003622743523712352","0.007591131957534376"
"fold_mipsel","logo ResNet50Embedding instructionwidth_type 16:11:12, 18-03-2025","idun-07-10","finished","-","","","2025-03-18T15:25:41.000Z","78","","ISAdetectDataset","ISAdetect/ISAdetect_full_dataset/","ISAdetect-features.csv","1024","true","ResNet50Embedding","128","1024","2","256","instructionwidth_type","64","CrossEntropyLoss","2","0.0001","AdamW","0.01","Vector1D","1024","LOGO_architecture_wandb","1","instructionwidthtype-resnet50embedding-21288728","0.009517534635961056","1","","0.976953642384106","0.976953642384106","0.0675797331288962","0.006906960122515325"
"fold_mips64el","logo ResNet50Embedding instructionwidth_type 16:11:12, 18-03-2025","idun-07-10","finished","-","","","2025-03-18T15:24:24.000Z","76","","ISAdetectDataset","ISAdetect/ISAdetect_full_dataset/","ISAdetect-features.csv","1024","true","ResNet50Embedding","128","1024","2","256","instructionwidth_type","64","CrossEntropyLoss","2","0.0001","AdamW","0.01","Vector1D","1024","LOGO_architecture_wandb","1","instructionwidthtype-resnet50embedding-21288728","0.00008427760621998459","1","","0.9039888682745826","0.9039888682745826","0.27564082524793987","0.007729331532786264"
"fold_mips","logo ResNet50Embedding instructionwidth_type 16:11:12, 18-03-2025","idun-07-10","finished","-","","","2025-03-18T15:23:09.000Z","74","","ISAdetectDataset","ISAdetect/ISAdetect_full_dataset/","ISAdetect-features.csv","1024","true","ResNet50Embedding","128","1024","2","256","instructionwidth_type","64","CrossEntropyLoss","2","0.0001","AdamW","0.01","Vector1D","1024","LOGO_architecture_wandb","1","instructionwidthtype-resnet50embedding-21288728","0.0032793909776955843","1","","0.9408134642356242","0.9408134642356242","0.18292115415845597","0.005967606032828038"
"fold_m68k","logo ResNet50Embedding instructionwidth_type 16:11:12, 18-03-2025","idun-07-10","finished","-","","","2025-03-18T15:21:54.000Z","73","","ISAdetectDataset","ISAdetect/ISAdetect_full_dataset/","ISAdetect-features.csv","1024","true","ResNet50Embedding","128","1024","2","256","instructionwidth_type","64","CrossEntropyLoss","2","0.0001","AdamW","0.01","Vector1D","1024","LOGO_architecture_wandb","1","instructionwidthtype-resnet50embedding-21288728","1.8877793550491333","1","","0.4590909090909091","0.4590909090909091","1.699168739111527","0.007886616453546599"
"fold_ia64","logo ResNet50Embedding instructionwidth_type 16:11:12, 18-03-2025","idun-07-10","finished","-","","","2025-03-18T15:20:41.000Z","72","","ISAdetectDataset","ISAdetect/ISAdetect_full_dataset/","ISAdetect-features.csv","1024","true","ResNet50Embedding","128","1024","2","256","instructionwidth_type","64","CrossEntropyLoss","2","0.0001","AdamW","0.01","Vector1D","1024","LOGO_architecture_wandb","1","instructionwidthtype-resnet50embedding-21288728","0.00026782366330735385","1","","0.2819020866773676","0.2819020866773676","3.095967338635371","0.005313224820028624"
"fold_i386","logo ResNet50Embedding instructionwidth_type 16:11:12, 18-03-2025","idun-07-10","finished","-","","","2025-03-18T15:19:28.000Z","71","","ISAdetectDataset","ISAdetect/ISAdetect_full_dataset/","ISAdetect-features.csv","1024","true","ResNet50Embedding","128","1024","2","256","instructionwidth_type","64","CrossEntropyLoss","2","0.0001","AdamW","0.01","Vector1D","1024","LOGO_architecture_wandb","1","instructionwidthtype-resnet50embedding-21288728","0.00013845997455064207","1","","0.9340379722059112","0.9340379722059112","0.22424482250353325","0.006417141452867838"
"fold_hppa","logo ResNet50Embedding instructionwidth_type 16:11:12, 18-03-2025","idun-07-10","finished","-","","","2025-03-18T15:18:17.000Z","70","","ISAdetectDataset","ISAdetect/ISAdetect_full_dataset/","ISAdetect-features.csv","1024","true","ResNet50Embedding","128","1024","2","256","instructionwidth_type","64","CrossEntropyLoss","2","0.0001","AdamW","0.01","Vector1D","1024","LOGO_architecture_wandb","1","instructionwidthtype-resnet50embedding-21288728","0.00004627035013982095","1","","1","1","0.00017073247885204373","0.007814936368567517"
"fold_armhf","logo ResNet50Embedding instructionwidth_type 16:11:12, 18-03-2025","idun-07-10","finished","-","","","2025-03-18T15:17:06.000Z","69","","ISAdetectDataset","ISAdetect/ISAdetect_full_dataset/","ISAdetect-features.csv","1024","true","ResNet50Embedding","128","1024","2","256","instructionwidth_type","64","CrossEntropyLoss","2","0.0001","AdamW","0.01","Vector1D","1024","LOGO_architecture_wandb","1","instructionwidthtype-resnet50embedding-21288728","0.00026179393171332777","1","","0.9944931163954944","0.9944931163954944","0.013168573379516602","0.007139071226186657"
"fold_armel","logo ResNet50Embedding instructionwidth_type 16:11:12, 18-03-2025","idun-07-10","finished","-","","","2025-03-18T15:15:56.000Z","68","","ISAdetectDataset","ISAdetect/ISAdetect_full_dataset/","ISAdetect-features.csv","1024","true","ResNet50Embedding","128","1024","2","256","instructionwidth_type","64","CrossEntropyLoss","2","0.0001","AdamW","0.01","Vector1D","1024","LOGO_architecture_wandb","1","instructionwidthtype-resnet50embedding-21288728","0.0012950173113495111","1","","0.99975","0.99975","0.002728891977976818","0.007714528246688913"
"fold_arm64","logo ResNet50Embedding instructionwidth_type 16:11:12, 18-03-2025","idun-07-10","finished","-","","","2025-03-18T15:14:46.000Z","68","","ISAdetectDataset","ISAdetect/ISAdetect_full_dataset/","ISAdetect-features.csv","1024","true","ResNet50Embedding","128","1024","2","256","instructionwidth_type","64","CrossEntropyLoss","2","0.0001","AdamW","0.01","Vector1D","1024","LOGO_architecture_wandb","1","instructionwidthtype-resnet50embedding-21288728","0.00010020293848356232","1","","0.9895489548954896","0.9895489548954896","0.025849297282228803","0.0068225337806036585"
"fold_amd64","logo ResNet50Embedding instructionwidth_type 16:11:12, 18-03-2025","idun-07-10","finished","-","","","2025-03-18T15:13:38.000Z","66","","ISAdetectDataset","ISAdetect/ISAdetect_full_dataset/","ISAdetect-features.csv","1024","true","ResNet50Embedding","128","1024","2","256","instructionwidth_type","64","CrossEntropyLoss","2","0.0001","AdamW","0.01","Vector1D","1024","LOGO_architecture_wandb","1","instructionwidthtype-resnet50embedding-21288728","0.00003392081998754293","1","","0.9871736142922584","0.9871736142922584","0.040898600734510474","0.006547314854055716"
"fold_alpha","logo ResNet50Embedding instructionwidth_type 16:11:12, 18-03-2025","idun-07-10","finished","-","","","2025-03-18T15:11:12.000Z","144","","ISAdetectDataset","ISAdetect/ISAdetect_full_dataset/","ISAdetect-features.csv","1024","true","ResNet50Embedding","128","1024","2","256","instructionwidth_type","64","CrossEntropyLoss","2","0.0001","AdamW","0.01","Vector1D","1024","LOGO_architecture_wandb","1","instructionwidthtype-resnet50embedding-21288728","0.0025168557185679674","1","","0.23319063208259885","0.23319063208259885","18.68892068711538","0.006489693767218914"