"Name","Hostname","Group","State","Notes","User","Tags","Created","Runtime","Sweep","data.name","data.params.dataset_path","data.params.feature_csv_path","data.params.file_byte_read_limit","data.params.use_code_only","model.name","model.params.dropout_rate","model.params.embedding_dim","model.params.input_length","model.params.num_classes","model.params.vocab_size","target_feature","training.batch_size","training.criterion","training.epochs","training.learning_rate","training.optimizer","training.weight_decay","transforms.name","transforms.params.dimx","transforms.params.dimy","transforms.params.duplicate_to_n_channels","transforms.params.length","transforms.params.normalize","validator.name","validator.seed","validator.wandb_project_name","batch_loss","epoch","overall_accuracy","test_accuracy_chunk","test_accuracy_file","test_loss","train_loss"
"overall_metrics","idun-09-15","logo ResNet50Embedding endianness 22:17:26, 13-03-2025","finished","-","","","2025-03-13T22:05:50.000Z","5","","ISAdetectDataset","ISAdetect/ISAdetect_full_dataset/","ISAdetect-features.csv","1024","true","ResNet50Embedding","","128","1024","2","256","endianness","64","CrossEntropyLoss","2","0.0001","AdamW","0.01","Vector1D","","","","1024","","LOGO_architecture_wandb","5","all-experiments-21262944","","","0.8354790186212978","","","",""
"fold_x32","idun-09-15","logo ResNet50Embedding endianness 22:17:26, 13-03-2025","finished","-","","","2025-03-13T22:03:32.000Z","137","","ISAdetectDataset","ISAdetect/ISAdetect_full_dataset/","ISAdetect-features.csv","1024","true","ResNet50Embedding","","128","1024","2","256","endianness","64","CrossEntropyLoss","2","0.0001","AdamW","0.01","Vector1D","","","","1024","","LOGO_architecture_wandb","5","all-experiments-21262944","0.0002711878623813391","1","","1","1","0.0004405528972821423","0.003479738337888625"
"fold_sparc64","idun-09-15","logo ResNet50Embedding endianness 22:17:26, 13-03-2025","finished","-","","","2025-03-13T22:01:13.000Z","137","","ISAdetectDataset","ISAdetect/ISAdetect_full_dataset/","ISAdetect-features.csv","1024","true","ResNet50Embedding","","128","1024","2","256","endianness","64","CrossEntropyLoss","2","0.0001","AdamW","0.01","Vector1D","","","","1024","","LOGO_architecture_wandb","5","all-experiments-21262944","0.00003860187644022517","1","","0.5201465201465202","0.5201465201465202","2.384111214142579","0.0043647297233470345"
"fold_sparc","idun-09-15","logo ResNet50Embedding endianness 22:17:26, 13-03-2025","finished","-","","","2025-03-13T21:58:58.000Z","134","","ISAdetectDataset","ISAdetect/ISAdetect_full_dataset/","ISAdetect-features.csv","1024","true","ResNet50Embedding","","128","1024","2","256","endianness","64","CrossEntropyLoss","2","0.0001","AdamW","0.01","Vector1D","","","","1024","","LOGO_architecture_wandb","5","all-experiments-21262944","0.000017320673578069545","1","","0.9714859437751004","0.9714859437751004","0.08994859989541464","0.0040944319044959555"
"fold_sh4","idun-09-15","logo ResNet50Embedding endianness 22:17:26, 13-03-2025","finished","-","","","2025-03-13T21:56:44.000Z","132","","ISAdetectDataset","ISAdetect/ISAdetect_full_dataset/","ISAdetect-features.csv","1024","true","ResNet50Embedding","","128","1024","2","256","endianness","64","CrossEntropyLoss","2","0.0001","AdamW","0.01","Vector1D","","","","1024","","LOGO_architecture_wandb","5","all-experiments-21262944","0.001196838682517409","1","","0.8342327150084317","0.8342327150084317","0.47323318106192414","0.004287075773490522"
"fold_s390x","idun-09-15","logo ResNet50Embedding endianness 22:17:26, 13-03-2025","finished","-","","","2025-03-13T21:54:29.000Z","134","","ISAdetectDataset","ISAdetect/ISAdetect_full_dataset/","ISAdetect-features.csv","1024","true","ResNet50Embedding","","128","1024","2","256","endianness","64","CrossEntropyLoss","2","0.0001","AdamW","0.01","Vector1D","","","","1024","","LOGO_architecture_wandb","5","all-experiments-21262944","0.015997225418686867","1","","0.780384397964952","0.780384397964952","1.1196480691432953","0.0033162537930807997"
"fold_s390","idun-09-15","logo ResNet50Embedding endianness 22:17:26, 13-03-2025","finished","-","","","2025-03-13T21:52:16.000Z","131","","ISAdetectDataset","ISAdetect/ISAdetect_full_dataset/","ISAdetect-features.csv","1024","true","ResNet50Embedding","","128","1024","2","256","endianness","64","CrossEntropyLoss","2","0.0001","AdamW","0.01","Vector1D","","","","1024","","LOGO_architecture_wandb","5","all-experiments-21262944","0.000009428405974176712","1","","0.9169248644461656","0.9169248644461656","0.2231199817708981","0.00406605321750931"
"fold_riscv64","idun-09-15","logo ResNet50Embedding endianness 22:17:26, 13-03-2025","finished","-","","","2025-03-13T21:50:03.000Z","131","","ISAdetectDataset","ISAdetect/ISAdetect_full_dataset/","ISAdetect-features.csv","1024","true","ResNet50Embedding","","128","1024","2","256","endianness","64","CrossEntropyLoss","2","0.0001","AdamW","0.01","Vector1D","","","","1024","","LOGO_architecture_wandb","5","all-experiments-21262944","0.001051907311193645","1","","0.9114864864864864","0.9114864864864864","0.21580337073121753","0.004119233777324614"
"fold_ppc64el","idun-09-15","logo ResNet50Embedding endianness 22:17:26, 13-03-2025","finished","-","","","2025-03-13T21:47:48.000Z","134","","ISAdetectDataset","ISAdetect/ISAdetect_full_dataset/","ISAdetect-features.csv","1024","true","ResNet50Embedding","","128","1024","2","256","endianness","64","CrossEntropyLoss","2","0.0001","AdamW","0.01","Vector1D","","","","1024","","LOGO_architecture_wandb","5","all-experiments-21262944","5.618727684020996","1","","0.999716151007664","0.999716151007664","0.0031850831167373273","0.00798520851612911"
"fold_ppc64","idun-09-15","logo ResNet50Embedding endianness 22:17:26, 13-03-2025","finished","-","","","2025-03-13T21:45:34.000Z","133","","ISAdetectDataset","ISAdetect/ISAdetect_full_dataset/","ISAdetect-features.csv","1024","true","ResNet50Embedding","","128","1024","2","256","endianness","64","CrossEntropyLoss","2","0.0001","AdamW","0.01","Vector1D","","","","1024","","LOGO_architecture_wandb","5","all-experiments-21262944","0.00016402170876972377","1","","0.6646664313448641","0.6646664313448641","0.8208306319183774","0.0031879451379725567"
"fold_powerpcspe","idun-09-15","logo ResNet50Embedding endianness 22:17:26, 13-03-2025","finished","-","","","2025-03-13T21:43:25.000Z","127","","ISAdetectDataset","ISAdetect/ISAdetect_full_dataset/","ISAdetect-features.csv","1024","true","ResNet50Embedding","","128","1024","2","256","endianness","64","CrossEntropyLoss","2","0.0001","AdamW","0.01","Vector1D","","","","1024","","LOGO_architecture_wandb","5","all-experiments-21262944","0.0719180554151535","1","","1","1","0.0013730347319881645","0.004071713490254225"
"fold_powerpc","idun-09-15","logo ResNet50Embedding endianness 22:17:26, 13-03-2025","finished","-","","","2025-03-13T21:41:17.000Z","126","","ISAdetectDataset","ISAdetect/ISAdetect_full_dataset/","ISAdetect-features.csv","1024","true","ResNet50Embedding","","128","1024","2","256","endianness","64","CrossEntropyLoss","2","0.0001","AdamW","0.01","Vector1D","","","","1024","","LOGO_architecture_wandb","5","all-experiments-21262944","0.000029916611310909506","1","","0.9994491875516388","0.9994491875516388","0.0007272042708440527","0.0033570942959199627"
"fold_mipsel","idun-09-15","logo ResNet50Embedding endianness 22:17:26, 13-03-2025","finished","-","","","2025-03-13T21:39:11.000Z","125","","ISAdetectDataset","ISAdetect/ISAdetect_full_dataset/","ISAdetect-features.csv","1024","true","ResNet50Embedding","","128","1024","2","256","endianness","64","CrossEntropyLoss","2","0.0001","AdamW","0.01","Vector1D","","","","1024","","LOGO_architecture_wandb","5","all-experiments-21262944","0.00017151904467027634","1","","0.9825165562913908","0.9825165562913908","0.04702719982902882","0.0037296758913015066"
"fold_mips64el","idun-09-15","logo ResNet50Embedding endianness 22:17:26, 13-03-2025","finished","-","","","2025-03-13T21:37:07.000Z","122","","ISAdetectDataset","ISAdetect/ISAdetect_full_dataset/","ISAdetect-features.csv","1024","true","ResNet50Embedding","","128","1024","2","256","endianness","64","CrossEntropyLoss","2","0.0001","AdamW","0.01","Vector1D","","","","1024","","LOGO_architecture_wandb","5","all-experiments-21262944","0.10581153631210329","1","","0.9853896103896104","0.9853896103896104","0.039326202155173046","0.004519916138066629"
"fold_mips","idun-09-15","logo ResNet50Embedding endianness 22:17:26, 13-03-2025","finished","-","","","2025-03-13T21:35:05.000Z","121","","ISAdetectDataset","ISAdetect/ISAdetect_full_dataset/","ISAdetect-features.csv","1024","true","ResNet50Embedding","","128","1024","2","256","endianness","64","CrossEntropyLoss","2","0.0001","AdamW","0.01","Vector1D","","","","1024","","LOGO_architecture_wandb","5","all-experiments-21262944","0.000011892459042428529","1","","0.8392706872370267","0.8392706872370267","0.4952736853488854","0.0032336777883478765"
"fold_m68k","idun-09-15","logo ResNet50Embedding endianness 22:17:26, 13-03-2025","finished","-","","","2025-03-13T21:33:03.000Z","120","","ISAdetectDataset","ISAdetect/ISAdetect_full_dataset/","ISAdetect-features.csv","1024","true","ResNet50Embedding","","128","1024","2","256","endianness","64","CrossEntropyLoss","2","0.0001","AdamW","0.01","Vector1D","","","","1024","","LOGO_architecture_wandb","5","all-experiments-21262944","0.00014779737102799118","1","","0.0029545454545454545","0.0029545454545454545","12.456700103870336","0.0030299694782017343"
"fold_ia64","idun-09-15","logo ResNet50Embedding endianness 22:17:26, 13-03-2025","finished","-","","","2025-03-13T21:31:03.000Z","119","","ISAdetectDataset","ISAdetect/ISAdetect_full_dataset/","ISAdetect-features.csv","1024","true","ResNet50Embedding","","128","1024","2","256","endianness","64","CrossEntropyLoss","2","0.0001","AdamW","0.01","Vector1D","","","","1024","","LOGO_architecture_wandb","5","all-experiments-21262944","0.0001339973387075588","1","","0.43559390048154095","0.43559390048154095","1.555268957064702","0.004116262511454287"
"fold_i386","idun-09-15","logo ResNet50Embedding endianness 22:17:26, 13-03-2025","finished","-","","","2025-03-13T21:29:03.000Z","119","","ISAdetectDataset","ISAdetect/ISAdetect_full_dataset/","ISAdetect-features.csv","1024","true","ResNet50Embedding","","128","1024","2","256","endianness","64","CrossEntropyLoss","2","0.0001","AdamW","0.01","Vector1D","","","","1024","","LOGO_architecture_wandb","5","all-experiments-21262944","0.0000276067185041029","1","","0.9966725386572716","0.9966725386572716","0.01384699122136226","0.004501784818574101"
"fold_hppa","idun-09-15","logo ResNet50Embedding endianness 22:17:26, 13-03-2025","finished","-","","","2025-03-13T21:27:06.000Z","116","","ISAdetectDataset","ISAdetect/ISAdetect_full_dataset/","ISAdetect-features.csv","1024","true","ResNet50Embedding","","128","1024","2","256","endianness","64","CrossEntropyLoss","2","0.0001","AdamW","0.01","Vector1D","","","","1024","","LOGO_architecture_wandb","5","all-experiments-21262944","0.00013789517106488347","1","","0.7080745341614907","0.7080745341614907","1.0053655058145523","0.003732564887265915"
"fold_armhf","idun-09-15","logo ResNet50Embedding endianness 22:17:26, 13-03-2025","finished","-","","","2025-03-13T21:25:08.000Z","117","","ISAdetectDataset","ISAdetect/ISAdetect_full_dataset/","ISAdetect-features.csv","1024","true","ResNet50Embedding","","128","1024","2","256","endianness","64","CrossEntropyLoss","2","0.0001","AdamW","0.01","Vector1D","","","","1024","","LOGO_architecture_wandb","5","all-experiments-21262944","0.0004996263305656612","1","","0.9802252816020024","0.9802252816020024","0.05989073880297679","0.00451955792534997"
"fold_armel","idun-09-15","logo ResNet50Embedding endianness 22:17:26, 13-03-2025","finished","-","","","2025-03-13T21:23:13.000Z","114","","ISAdetectDataset","ISAdetect/ISAdetect_full_dataset/","ISAdetect-features.csv","1024","true","ResNet50Embedding","","128","1024","2","256","endianness","64","CrossEntropyLoss","2","0.0001","AdamW","0.01","Vector1D","","","","1024","","LOGO_architecture_wandb","5","all-experiments-21262944","0.000020172055883449506","1","","0.99675","0.99675","0.007441129830315024","0.004016782897433904"
"fold_arm64","idun-09-15","logo ResNet50Embedding endianness 22:17:26, 13-03-2025","finished","-","","","2025-03-13T21:21:14.000Z","117","","ISAdetectDataset","ISAdetect/ISAdetect_full_dataset/","ISAdetect-features.csv","1024","true","ResNet50Embedding","","128","1024","2","256","endianness","64","CrossEntropyLoss","2","0.0001","AdamW","0.01","Vector1D","","","","1024","","LOGO_architecture_wandb","5","all-experiments-21262944","0.000006354153356369352","1","","0.6746424642464246","0.6746424642464246","0.9722026628360414","0.003952440419643608"
"fold_amd64","idun-09-15","logo ResNet50Embedding endianness 22:17:26, 13-03-2025","finished","-","","","2025-03-13T21:19:20.000Z","112","","ISAdetectDataset","ISAdetect/ISAdetect_full_dataset/","ISAdetect-features.csv","1024","true","ResNet50Embedding","","128","1024","2","256","endianness","64","CrossEntropyLoss","2","0.0001","AdamW","0.01","Vector1D","","","","1024","","LOGO_architecture_wandb","5","all-experiments-21262944","0.00007375160930678248","1","","0.999770957398076","0.999770957398076","0.0013157654475039833","0.0039700905124214194"
"fold_alpha","idun-09-15","logo ResNet50Embedding endianness 22:17:26, 13-03-2025","finished","-","","","2025-03-13T21:17:27.000Z","112","","ISAdetectDataset","ISAdetect/ISAdetect_full_dataset/","ISAdetect-features.csv","1024","true","ResNet50Embedding","","128","1024","2","256","endianness","64","CrossEntropyLoss","2","0.0001","AdamW","0.01","Vector1D","","","","1024","","LOGO_architecture_wandb","5","all-experiments-21262944","1.3367259502410889","1","","0.9987408713170486","0.9987408713170486","0.0027817523474830464","0.007531944465616069"
"overall_metrics","idun-09-15","logo ResNet50Embedding endianness 21:28:55, 13-03-2025","finished","-","","","2025-03-13T21:16:57.000Z","4","","ISAdetectDataset","ISAdetect/ISAdetect_full_dataset/","ISAdetect-features.csv","1024","true","ResNet50Embedding","","128","1024","2","256","endianness","64","CrossEntropyLoss","2","0.0001","AdamW","0.01","Vector1D","","","","1024","","LOGO_architecture_wandb","4","all-experiments-21262944","","","0.7992323253280772","","","",""
"fold_x32","idun-09-15","logo ResNet50Embedding endianness 21:28:55, 13-03-2025","finished","-","","","2025-03-13T21:14:40.000Z","136","","ISAdetectDataset","ISAdetect/ISAdetect_full_dataset/","ISAdetect-features.csv","1024","true","ResNet50Embedding","","128","1024","2","256","endianness","64","CrossEntropyLoss","2","0.0001","AdamW","0.01","Vector1D","","","","1024","","LOGO_architecture_wandb","4","all-experiments-21262944","0.00011735656880773604","1","","0.998323754789272","0.998323754789272","0.005489149515624652","0.004869795575910286"
"fold_sparc64","idun-09-15","logo ResNet50Embedding endianness 21:28:55, 13-03-2025","finished","-","","","2025-03-13T21:12:23.000Z","136","","ISAdetectDataset","ISAdetect/ISAdetect_full_dataset/","ISAdetect-features.csv","1024","true","ResNet50Embedding","","128","1024","2","256","endianness","64","CrossEntropyLoss","2","0.0001","AdamW","0.01","Vector1D","","","","1024","","LOGO_architecture_wandb","4","all-experiments-21262944","0.00004142575562582351","1","","0.8574481074481074","0.8574481074481074","0.5868189185857773","0.003918393361729685"
"fold_sparc","idun-09-15","logo ResNet50Embedding endianness 21:28:55, 13-03-2025","finished","-","","","2025-03-13T21:10:10.000Z","131","","ISAdetectDataset","ISAdetect/ISAdetect_full_dataset/","ISAdetect-features.csv","1024","true","ResNet50Embedding","","128","1024","2","256","endianness","64","CrossEntropyLoss","2","0.0001","AdamW","0.01","Vector1D","","","","1024","","LOGO_architecture_wandb","4","all-experiments-21262944","0.0000023789839360688347","1","","0.935140562248996","0.935140562248996","0.19335593949430263","0.003455635339842817"
"fold_sh4","idun-09-15","logo ResNet50Embedding endianness 21:28:55, 13-03-2025","finished","-","","","2025-03-13T21:07:55.000Z","133","","ISAdetectDataset","ISAdetect/ISAdetect_full_dataset/","ISAdetect-features.csv","1024","true","ResNet50Embedding","","128","1024","2","256","endianness","64","CrossEntropyLoss","2","0.0001","AdamW","0.01","Vector1D","","","","1024","","LOGO_architecture_wandb","4","all-experiments-21262944","0.0028321959543973207","1","","0.6258010118043845","0.6258010118043845","1.245387488795865","0.003889878293589654"
"fold_s390x","idun-09-15","logo ResNet50Embedding endianness 21:28:55, 13-03-2025","finished","-","","","2025-03-13T21:05:40.000Z","134","","ISAdetectDataset","ISAdetect/ISAdetect_full_dataset/","ISAdetect-features.csv","1024","true","ResNet50Embedding","","128","1024","2","256","endianness","64","CrossEntropyLoss","2","0.0001","AdamW","0.01","Vector1D","","","","1024","","LOGO_architecture_wandb","4","all-experiments-21262944","0.00002885303729271982","1","","0.6899378179762578","0.6899378179762578","0.7308955522520202","0.0030600771112866475"
"fold_s390","idun-09-15","logo ResNet50Embedding endianness 21:28:55, 13-03-2025","finished","-","","","2025-03-13T21:03:26.000Z","133","","ISAdetectDataset","ISAdetect/ISAdetect_full_dataset/","ISAdetect-features.csv","1024","true","ResNet50Embedding","","128","1024","2","256","endianness","64","CrossEntropyLoss","2","0.0001","AdamW","0.01","Vector1D","","","","1024","","LOGO_architecture_wandb","4","all-experiments-21262944","0.00007078079943312332","1","","0.9235089078233928","0.9235089078233928","0.19452673500334777","0.004698961033802824"
"fold_riscv64","idun-09-15","logo ResNet50Embedding endianness 21:28:55, 13-03-2025","finished","-","","","2025-03-13T21:01:14.000Z","130","","ISAdetectDataset","ISAdetect/ISAdetect_full_dataset/","ISAdetect-features.csv","1024","true","ResNet50Embedding","","128","1024","2","256","endianness","64","CrossEntropyLoss","2","0.0001","AdamW","0.01","Vector1D","","","","1024","","LOGO_architecture_wandb","4","all-experiments-21262944","0.000002026521315201535","1","","0.8128378378378378","0.8128378378378378","0.5769964912108012","0.0035136029115218326"
"fold_ppc64el","idun-09-15","logo ResNet50Embedding endianness 21:28:55, 13-03-2025","finished","-","","","2025-03-13T20:59:04.000Z","129","","ISAdetectDataset","ISAdetect/ISAdetect_full_dataset/","ISAdetect-features.csv","1024","true","ResNet50Embedding","","128","1024","2","256","endianness","64","CrossEntropyLoss","2","0.0001","AdamW","0.01","Vector1D","","","","1024","","LOGO_architecture_wandb","4","all-experiments-21262944","0.005673838779330254","1","","0.999716151007664","0.999716151007664","0.0005202842166503226","0.004488907982790218"
"fold_ppc64","idun-09-15","logo ResNet50Embedding endianness 21:28:55, 13-03-2025","finished","-","","","2025-03-13T20:56:53.000Z","130","","ISAdetectDataset","ISAdetect/ISAdetect_full_dataset/","ISAdetect-features.csv","1024","true","ResNet50Embedding","","128","1024","2","256","endianness","64","CrossEntropyLoss","2","0.0001","AdamW","0.01","Vector1D","","","","1024","","LOGO_architecture_wandb","4","all-experiments-21262944","0.00436060968786478","1","","0.2343805153547476","0.2343805153547476","2.129581030209859","0.003772859504351333"
"fold_powerpcspe","idun-09-15","logo ResNet50Embedding endianness 21:28:55, 13-03-2025","finished","-","","","2025-03-13T20:54:42.000Z","129","","ISAdetectDataset","ISAdetect/ISAdetect_full_dataset/","ISAdetect-features.csv","1024","true","ResNet50Embedding","","128","1024","2","256","endianness","64","CrossEntropyLoss","2","0.0001","AdamW","0.01","Vector1D","","","","1024","","LOGO_architecture_wandb","4","all-experiments-21262944","0.000030688443075632676","1","","0.9962130775056804","0.9962130775056804","0.009785184004055824","0.004358760622399666"
"fold_powerpc","idun-09-15","logo ResNet50Embedding endianness 21:28:55, 13-03-2025","finished","-","","","2025-03-13T20:52:35.000Z","126","","ISAdetectDataset","ISAdetect/ISAdetect_full_dataset/","ISAdetect-features.csv","1024","true","ResNet50Embedding","","128","1024","2","256","endianness","64","CrossEntropyLoss","2","0.0001","AdamW","0.01","Vector1D","","","","1024","","LOGO_architecture_wandb","4","all-experiments-21262944","0.0008836369961500168","1","","0.9997245937758192","0.9997245937758192","0.000628495924278819","0.0038691864793314566"
"fold_mipsel","idun-09-15","logo ResNet50Embedding endianness 21:28:55, 13-03-2025","finished","-","","","2025-03-13T20:50:27.000Z","126","","ISAdetectDataset","ISAdetect/ISAdetect_full_dataset/","ISAdetect-features.csv","1024","true","ResNet50Embedding","","128","1024","2","256","endianness","64","CrossEntropyLoss","2","0.0001","AdamW","0.01","Vector1D","","","","1024","","LOGO_architecture_wandb","4","all-experiments-21262944","0.000005284781309455866","1","","0.9994701986754968","0.9994701986754968","0.0017336372581746094","0.0032667298958570816"
"fold_mips64el","idun-09-15","logo ResNet50Embedding endianness 21:28:55, 13-03-2025","finished","-","","","2025-03-13T20:48:20.000Z","125","","ISAdetectDataset","ISAdetect/ISAdetect_full_dataset/","ISAdetect-features.csv","1024","true","ResNet50Embedding","","128","1024","2","256","endianness","64","CrossEntropyLoss","2","0.0001","AdamW","0.01","Vector1D","","","","1024","","LOGO_architecture_wandb","4","all-experiments-21262944","0.00006253144238144159","1","","0.8647959183673469","0.8647959183673469","0.314099784283077","0.00449466557724011"
"fold_mips","idun-09-15","logo ResNet50Embedding endianness 21:28:55, 13-03-2025","finished","-","","","2025-03-13T20:46:16.000Z","123","","ISAdetectDataset","ISAdetect/ISAdetect_full_dataset/","ISAdetect-features.csv","1024","true","ResNet50Embedding","","128","1024","2","256","endianness","64","CrossEntropyLoss","2","0.0001","AdamW","0.01","Vector1D","","","","1024","","LOGO_architecture_wandb","4","all-experiments-21262944","0.0013391096144914627","1","","0.802805049088359","0.802805049088359","0.5491291758205209","0.004089365345175482"
"fold_m68k","idun-09-15","logo ResNet50Embedding endianness 21:28:55, 13-03-2025","finished","-","","","2025-03-13T20:44:16.000Z","119","","ISAdetectDataset","ISAdetect/ISAdetect_full_dataset/","ISAdetect-features.csv","1024","true","ResNet50Embedding","","128","1024","2","256","endianness","64","CrossEntropyLoss","2","0.0001","AdamW","0.01","Vector1D","","","","1024","","LOGO_architecture_wandb","4","all-experiments-21262944","0.00007327124330913648","1","","0.03363636363636364","0.03363636363636364","7.369408635125644","0.003758889125342819"
"fold_ia64","idun-09-15","logo ResNet50Embedding endianness 21:28:55, 13-03-2025","finished","-","","","2025-03-13T20:42:16.000Z","118","","ISAdetectDataset","ISAdetect/ISAdetect_full_dataset/","ISAdetect-features.csv","1024","true","ResNet50Embedding","","128","1024","2","256","endianness","64","CrossEntropyLoss","2","0.0001","AdamW","0.01","Vector1D","","","","1024","","LOGO_architecture_wandb","4","all-experiments-21262944","0.0002103066362906247","1","","0.7409711075441413","0.7409711075441413","0.9308464420147432","0.004008929387307936"
"fold_i386","idun-09-15","logo ResNet50Embedding endianness 21:28:55, 13-03-2025","finished","-","","","2025-03-13T20:40:20.000Z","115","","ISAdetectDataset","ISAdetect/ISAdetect_full_dataset/","ISAdetect-features.csv","1024","true","ResNet50Embedding","","128","1024","2","256","endianness","64","CrossEntropyLoss","2","0.0001","AdamW","0.01","Vector1D","","","","1024","","LOGO_architecture_wandb","4","all-experiments-21262944","0.00003983757778769359","1","","0.9694656488549618","0.9694656488549618","0.07888526653405278","0.004151096117719265"
"fold_hppa","idun-09-15","logo ResNet50Embedding endianness 21:28:55, 13-03-2025","finished","-","","","2025-03-13T20:38:22.000Z","117","","ISAdetectDataset","ISAdetect/ISAdetect_full_dataset/","ISAdetect-features.csv","1024","true","ResNet50Embedding","","128","1024","2","256","endianness","64","CrossEntropyLoss","2","0.0001","AdamW","0.01","Vector1D","","","","1024","","LOGO_architecture_wandb","4","all-experiments-21262944","0.000014692210243083537","1","","0.8113871635610767","0.8113871635610767","0.8456927216366718","0.0036511554117170586"
"fold_armhf","idun-09-15","logo ResNet50Embedding endianness 21:28:55, 13-03-2025","finished","-","","","2025-03-13T20:36:26.000Z","115","","ISAdetectDataset","ISAdetect/ISAdetect_full_dataset/","ISAdetect-features.csv","1024","true","ResNet50Embedding","","128","1024","2","256","endianness","64","CrossEntropyLoss","2","0.0001","AdamW","0.01","Vector1D","","","","1024","","LOGO_architecture_wandb","4","all-experiments-21262944","0.00010095154721057042","1","","0.981226533166458","0.981226533166458","0.0504484634268068","0.003908744397162273"
"fold_armel","idun-09-15","logo ResNet50Embedding endianness 21:28:55, 13-03-2025","finished","-","","","2025-03-13T20:34:32.000Z","112","","ISAdetectDataset","ISAdetect/ISAdetect_full_dataset/","ISAdetect-features.csv","1024","true","ResNet50Embedding","","128","1024","2","256","endianness","64","CrossEntropyLoss","2","0.0001","AdamW","0.01","Vector1D","","","","1024","","LOGO_architecture_wandb","4","all-experiments-21262944","0.00012584333308041096","1","","0.9975","0.9975","0.007822461738200333","0.004469561292605256"
"fold_arm64","idun-09-15","logo ResNet50Embedding endianness 21:28:55, 13-03-2025","finished","-","","","2025-03-13T20:32:38.000Z","112","","ISAdetectDataset","ISAdetect/ISAdetect_full_dataset/","ISAdetect-features.csv","1024","true","ResNet50Embedding","","128","1024","2","256","endianness","64","CrossEntropyLoss","2","0.0001","AdamW","0.01","Vector1D","","","","1024","","LOGO_architecture_wandb","4","all-experiments-21262944","0.000009940546078723855","1","","0.0638063806380638","0.0638063806380638","8.368236131835403","0.0037579452102225585"
"fold_amd64","idun-09-15","logo ResNet50Embedding endianness 21:28:55, 13-03-2025","finished","-","","","2025-03-13T20:30:46.000Z","110","","ISAdetectDataset","ISAdetect/ISAdetect_full_dataset/","ISAdetect-features.csv","1024","true","ResNet50Embedding","","128","1024","2","256","endianness","64","CrossEntropyLoss","2","0.0001","AdamW","0.01","Vector1D","","","","1024","","LOGO_architecture_wandb","4","all-experiments-21262944","0.00005213843178353272","1","","0.9972514887769124","0.9972514887769124","0.01047740763665322","0.003887223430437061"
"fold_alpha","idun-09-15","logo ResNet50Embedding endianness 21:28:55, 13-03-2025","finished","-","","","2025-03-13T20:28:56.000Z","108","","ISAdetectDataset","ISAdetect/ISAdetect_full_dataset/","ISAdetect-features.csv","1024","true","ResNet50Embedding","","128","1024","2","256","endianness","64","CrossEntropyLoss","2","0.0001","AdamW","0.01","Vector1D","","","","1024","","LOGO_architecture_wandb","4","all-experiments-21262944","1.0775487422943115","1","","0.8919667590027701","0.8919667590027701","0.31771044708078816","0.004162811523172416"
"overall_metrics","idun-09-15","logo ResNet50Embedding endianness 20:41:43, 13-03-2025","finished","-","","","2025-03-13T20:28:28.000Z","5","","ISAdetectDataset","ISAdetect/ISAdetect_full_dataset/","ISAdetect-features.csv","1024","true","ResNet50Embedding","","128","1024","2","256","endianness","64","CrossEntropyLoss","2","0.0001","AdamW","0.01","Vector1D","","","","1024","","LOGO_architecture_wandb","3","all-experiments-21262944","","","0.8473261061258364","","","",""
"fold_x32","idun-09-15","logo ResNet50Embedding endianness 20:41:43, 13-03-2025","finished","-","","","2025-03-13T20:26:12.000Z","134","","ISAdetectDataset","ISAdetect/ISAdetect_full_dataset/","ISAdetect-features.csv","1024","true","ResNet50Embedding","","128","1024","2","256","endianness","64","CrossEntropyLoss","2","0.0001","AdamW","0.01","Vector1D","","","","1024","","LOGO_architecture_wandb","3","all-experiments-21262944","0.0002298068284289911","1","","0.9980842911877394","0.9980842911877394","0.008495577901406003","0.004502515758357403"
"fold_sparc64","idun-09-15","logo ResNet50Embedding endianness 20:41:43, 13-03-2025","finished","-","","","2025-03-13T20:23:54.000Z","136","","ISAdetectDataset","ISAdetect/ISAdetect_full_dataset/","ISAdetect-features.csv","1024","true","ResNet50Embedding","","128","1024","2","256","endianness","64","CrossEntropyLoss","2","0.0001","AdamW","0.01","Vector1D","","","","1024","","LOGO_architecture_wandb","3","all-experiments-21262944","0.02222130261361599","1","","0.9752747252747253","0.9752747252747253","0.09481207943799046","0.003993363747330355"
"fold_sparc","idun-09-15","logo ResNet50Embedding endianness 20:41:43, 13-03-2025","finished","-","","","2025-03-13T20:21:43.000Z","129","","ISAdetectDataset","ISAdetect/ISAdetect_full_dataset/","ISAdetect-features.csv","1024","true","ResNet50Embedding","","128","1024","2","256","endianness","64","CrossEntropyLoss","2","0.0001","AdamW","0.01","Vector1D","","","","1024","","LOGO_architecture_wandb","3","all-experiments-21262944","0.9322401285171508","1","","0.9973895582329316","0.9973895582329316","0.009599765734515714","0.005889111799548084"
"fold_sh4","idun-09-15","logo ResNet50Embedding endianness 20:41:43, 13-03-2025","finished","-","","","2025-03-13T20:19:27.000Z","134","","ISAdetectDataset","ISAdetect/ISAdetect_full_dataset/","ISAdetect-features.csv","1024","true","ResNet50Embedding","","128","1024","2","256","endianness","64","CrossEntropyLoss","2","0.0001","AdamW","0.01","Vector1D","","","","1024","","LOGO_architecture_wandb","3","all-experiments-21262944","0.00002833060352713801","1","","0.6534569983136593","0.6534569983136593","0.8155965458962225","0.005399339791155562"
"fold_s390x","idun-09-15","logo ResNet50Embedding endianness 20:41:43, 13-03-2025","finished","-","","","2025-03-13T20:17:15.000Z","131","","ISAdetectDataset","ISAdetect/ISAdetect_full_dataset/","ISAdetect-features.csv","1024","true","ResNet50Embedding","","128","1024","2","256","endianness","64","CrossEntropyLoss","2","0.0001","AdamW","0.01","Vector1D","","","","1024","","LOGO_architecture_wandb","3","all-experiments-21262944","0.0009241178631782532","1","","0.8996608253250424","0.8996608253250424","0.1903428924935205","0.005439711169832491"
"fold_s390","idun-09-15","logo ResNet50Embedding endianness 20:41:43, 13-03-2025","finished","-","","","2025-03-13T20:15:04.000Z","130","","ISAdetectDataset","ISAdetect/ISAdetect_full_dataset/","ISAdetect-features.csv","1024","true","ResNet50Embedding","","128","1024","2","256","endianness","64","CrossEntropyLoss","2","0.0001","AdamW","0.01","Vector1D","","","","1024","","LOGO_architecture_wandb","3","all-experiments-21262944","0.043298233300447464","1","","0.9769558481797056","0.9769558481797056","0.08160733951853565","0.004505934331909132"
"fold_riscv64","idun-09-15","logo ResNet50Embedding endianness 20:41:43, 13-03-2025","finished","-","","","2025-03-13T20:13:01.000Z","122","","ISAdetectDataset","ISAdetect/ISAdetect_full_dataset/","ISAdetect-features.csv","1024","true","ResNet50Embedding","","128","1024","2","256","endianness","64","CrossEntropyLoss","2","0.0001","AdamW","0.01","Vector1D","","","","1024","","LOGO_architecture_wandb","3","all-experiments-21262944","0.0002649503876455128","1","","0.922972972972973","0.922972972972973","0.19239648410252164","0.004358326600451332"
"fold_ppc64el","idun-09-15","logo ResNet50Embedding endianness 20:41:43, 13-03-2025","finished","-","","","2025-03-13T20:10:55.000Z","124","","ISAdetectDataset","ISAdetect/ISAdetect_full_dataset/","ISAdetect-features.csv","1024","true","ResNet50Embedding","","128","1024","2","256","endianness","64","CrossEntropyLoss","2","0.0001","AdamW","0.01","Vector1D","","","","1024","","LOGO_architecture_wandb","3","all-experiments-21262944","1.6391271628890538e-7","1","","1","1","0.00002136313602818518","0.0046107363274054975"
"fold_ppc64","idun-09-15","logo ResNet50Embedding endianness 20:41:43, 13-03-2025","finished","-","","","2025-03-13T20:08:43.000Z","130","","ISAdetectDataset","ISAdetect/ISAdetect_full_dataset/","ISAdetect-features.csv","1024","true","ResNet50Embedding","","128","1024","2","256","endianness","64","CrossEntropyLoss","2","0.0001","AdamW","0.01","Vector1D","","","","1024","","LOGO_architecture_wandb","3","all-experiments-21262944","0.00006078485967009328","1","","0.18708083303918108","0.18708083303918108","9.723082118564182","0.004417534837665712"
"fold_powerpcspe","idun-09-15","logo ResNet50Embedding endianness 20:41:43, 13-03-2025","finished","-","","","2025-03-13T20:06:40.000Z","122","","ISAdetectDataset","ISAdetect/ISAdetect_full_dataset/","ISAdetect-features.csv","1024","true","ResNet50Embedding","","128","1024","2","256","endianness","64","CrossEntropyLoss","2","0.0001","AdamW","0.01","Vector1D","","","","1024","","LOGO_architecture_wandb","3","all-experiments-21262944","0.002705051563680172","1","","0.999242615501136","0.999242615501136","0.0035999579168644906","0.004136658187646144"
"fold_powerpc","idun-09-15","logo ResNet50Embedding endianness 20:41:43, 13-03-2025","finished","-","","","2025-03-13T20:04:37.000Z","121","","ISAdetectDataset","ISAdetect/ISAdetect_full_dataset/","ISAdetect-features.csv","1024","true","ResNet50Embedding","","128","1024","2","256","endianness","64","CrossEntropyLoss","2","0.0001","AdamW","0.01","Vector1D","","","","1024","","LOGO_architecture_wandb","3","all-experiments-21262944","0.0006500466843135655","1","","1","1","0.0003270506875419973","0.004155334978431084"
"fold_mipsel","idun-09-15","logo ResNet50Embedding endianness 20:41:43, 13-03-2025","finished","-","","","2025-03-13T20:02:37.000Z","118","","ISAdetectDataset","ISAdetect/ISAdetect_full_dataset/","ISAdetect-features.csv","1024","true","ResNet50Embedding","","128","1024","2","256","endianness","64","CrossEntropyLoss","2","0.0001","AdamW","0.01","Vector1D","","","","1024","","LOGO_architecture_wandb","3","all-experiments-21262944","0.00004222221105010249","1","","0.9796026490066224","0.9796026490066224","0.058393102675928905","0.005392458598851826"
"fold_mips64el","idun-09-15","logo ResNet50Embedding endianness 20:41:43, 13-03-2025","finished","-","","","2025-03-13T20:00:38.000Z","118","","ISAdetectDataset","ISAdetect/ISAdetect_full_dataset/","ISAdetect-features.csv","1024","true","ResNet50Embedding","","128","1024","2","256","endianness","64","CrossEntropyLoss","2","0.0001","AdamW","0.01","Vector1D","","","","1024","","LOGO_architecture_wandb","3","all-experiments-21262944","0.0012800100957974792","1","","0.9990723562152134","0.9990723562152134","0.0033219505815342176","0.004106098824328573"
"fold_mips","idun-09-15","logo ResNet50Embedding endianness 20:41:43, 13-03-2025","finished","-","","","2025-03-13T19:58:37.000Z","119","","ISAdetectDataset","ISAdetect/ISAdetect_full_dataset/","ISAdetect-features.csv","1024","true","ResNet50Embedding","","128","1024","2","256","endianness","64","CrossEntropyLoss","2","0.0001","AdamW","0.01","Vector1D","","","","1024","","LOGO_architecture_wandb","3","all-experiments-21262944","0.004036600235849619","1","","0.6297335203366059","0.6297335203366059","1.7196265906095505","0.0040308571473051"
"fold_m68k","idun-09-15","logo ResNet50Embedding endianness 20:41:43, 13-03-2025","finished","-","","","2025-03-13T19:56:34.000Z","122","","ISAdetectDataset","ISAdetect/ISAdetect_full_dataset/","ISAdetect-features.csv","1024","true","ResNet50Embedding","","128","1024","2","256","endianness","64","CrossEntropyLoss","2","0.0001","AdamW","0.01","Vector1D","","","","1024","","LOGO_architecture_wandb","3","all-experiments-21262944","0.06182129308581352","1","","0.023636363636363636","0.023636363636363636","8.546054826266523","0.003666894602884476"
"fold_ia64","idun-09-15","logo ResNet50Embedding endianness 20:41:43, 13-03-2025","finished","-","","","2025-03-13T19:54:40.000Z","113","","ISAdetectDataset","ISAdetect/ISAdetect_full_dataset/","ISAdetect-features.csv","1024","true","ResNet50Embedding","","128","1024","2","256","endianness","64","CrossEntropyLoss","2","0.0001","AdamW","0.01","Vector1D","","","","1024","","LOGO_architecture_wandb","3","all-experiments-21262944","0.000059772002714453265","1","","0.8495184590690209","0.8495184590690209","0.41037645840492","0.004090035696113688"
"fold_i386","idun-09-15","logo ResNet50Embedding endianness 20:41:43, 13-03-2025","finished","-","","","2025-03-13T19:52:47.000Z","111","","ISAdetectDataset","ISAdetect/ISAdetect_full_dataset/","ISAdetect-features.csv","1024","true","ResNet50Embedding","","128","1024","2","256","endianness","64","CrossEntropyLoss","2","0.0001","AdamW","0.01","Vector1D","","","","1024","","LOGO_architecture_wandb","3","all-experiments-21262944","0.005919322837144136","1","","0.9919749461734194","0.9919749461734194","0.02483734450797783","0.005043854505746769"
"fold_hppa","idun-09-15","logo ResNet50Embedding endianness 20:41:43, 13-03-2025","finished","-","","","2025-03-13T19:50:56.000Z","109","","ISAdetectDataset","ISAdetect/ISAdetect_full_dataset/","ISAdetect-features.csv","1024","true","ResNet50Embedding","","128","1024","2","256","endianness","64","CrossEntropyLoss","2","0.0001","AdamW","0.01","Vector1D","","","","1024","","LOGO_architecture_wandb","3","all-experiments-21262944","0.000030928153137210757","1","","0.6225672877846791","0.6225672877846791","1.4660947707138563","0.004085191977313724"
"fold_armhf","idun-09-15","logo ResNet50Embedding endianness 20:41:43, 13-03-2025","finished","-","","","2025-03-13T19:49:03.000Z","111","","ISAdetectDataset","ISAdetect/ISAdetect_full_dataset/","ISAdetect-features.csv","1024","true","ResNet50Embedding","","128","1024","2","256","endianness","64","CrossEntropyLoss","2","0.0001","AdamW","0.01","Vector1D","","","","1024","","LOGO_architecture_wandb","3","all-experiments-21262944","0.0007942556403577328","1","","0.9917396745932416","0.9917396745932416","0.02517931402447478","0.00424641611062847"
"fold_armel","idun-09-15","logo ResNet50Embedding endianness 20:41:43, 13-03-2025","finished","-","","","2025-03-13T19:47:12.000Z","110","","ISAdetectDataset","ISAdetect/ISAdetect_full_dataset/","ISAdetect-features.csv","1024","true","ResNet50Embedding","","128","1024","2","256","endianness","64","CrossEntropyLoss","2","0.0001","AdamW","0.01","Vector1D","","","","1024","","LOGO_architecture_wandb","3","all-experiments-21262944","0.0009834675583988428","1","","0.98525","0.98525","0.03809515445157429","0.004873838355167077"
"fold_arm64","idun-09-15","logo ResNet50Embedding endianness 20:41:43, 13-03-2025","finished","-","","","2025-03-13T19:45:22.000Z","109","","ISAdetectDataset","ISAdetect/ISAdetect_full_dataset/","ISAdetect-features.csv","1024","true","ResNet50Embedding","","128","1024","2","256","endianness","64","CrossEntropyLoss","2","0.0001","AdamW","0.01","Vector1D","","","","1024","","LOGO_architecture_wandb","3","all-experiments-21262944","0.03092529997229576","1","","0.7332233223322332","0.7332233223322332","1.0147679343558194","0.004759461199537954"
"fold_amd64","idun-09-15","logo ResNet50Embedding endianness 20:41:43, 13-03-2025","finished","-","","","2025-03-13T19:43:32.000Z","108","","ISAdetectDataset","ISAdetect/ISAdetect_full_dataset/","ISAdetect-features.csv","1024","true","ResNet50Embedding","","128","1024","2","256","endianness","64","CrossEntropyLoss","2","0.0001","AdamW","0.01","Vector1D","","","","1024","","LOGO_architecture_wandb","3","all-experiments-21262944","0.000010141351594938897","1","","0.9876316994961064","0.9876316994961064","0.03125164307783817","0.004371079370592065"
"fold_alpha","idun-09-15","logo ResNet50Embedding endianness 20:41:43, 13-03-2025","finished","-","","","2025-03-13T19:41:44.000Z","106","","ISAdetectDataset","ISAdetect/ISAdetect_full_dataset/","ISAdetect-features.csv","1024","true","ResNet50Embedding","","128","1024","2","256","endianness","64","CrossEntropyLoss","2","0.0001","AdamW","0.01","Vector1D","","","","1024","","LOGO_architecture_wandb","3","all-experiments-21262944","0.000917990691959858","1","","0.997229916897507","0.997229916897507","0.010769557161164275","0.005182896947818339"
"overall_metrics","idun-09-15","logo ResNet50Embedding endianness 19:54:29, 13-03-2025","finished","-","","","2025-03-13T19:41:22.000Z","5","","ISAdetectDataset","ISAdetect/ISAdetect_full_dataset/","ISAdetect-features.csv","1024","true","ResNet50Embedding","","128","1024","2","256","endianness","64","CrossEntropyLoss","2","0.0001","AdamW","0.01","Vector1D","","","","1024","","LOGO_architecture_wandb","2","all-experiments-21262944","","","0.7703304113283884","","","",""
"fold_x32","idun-09-15","logo ResNet50Embedding endianness 19:54:29, 13-03-2025","finished","-","","","2025-03-13T19:39:09.000Z","132","","ISAdetectDataset","ISAdetect/ISAdetect_full_dataset/","ISAdetect-features.csv","1024","true","ResNet50Embedding","","128","1024","2","256","endianness","64","CrossEntropyLoss","2","0.0001","AdamW","0.01","Vector1D","","","","1024","","LOGO_architecture_wandb","2","all-experiments-21262944","0.003615274326875806","1","","1","1","0.0004046002940357897","0.003868749059578578"
"fold_sparc64","idun-09-15","logo ResNet50Embedding endianness 19:54:29, 13-03-2025","finished","-","","","2025-03-13T19:36:55.000Z","133","","ISAdetectDataset","ISAdetect/ISAdetect_full_dataset/","ISAdetect-features.csv","1024","true","ResNet50Embedding","","128","1024","2","256","endianness","64","CrossEntropyLoss","2","0.0001","AdamW","0.01","Vector1D","","","","1024","","LOGO_architecture_wandb","2","all-experiments-21262944","0.0006402854924090207","1","","0.9621489621489622","0.9621489621489622","0.13188251634486592","0.004137936067814904"
"fold_sparc","idun-09-15","logo ResNet50Embedding endianness 19:54:29, 13-03-2025","finished","-","","","2025-03-13T19:34:42.000Z","131","","ISAdetectDataset","ISAdetect/ISAdetect_full_dataset/","ISAdetect-features.csv","1024","true","ResNet50Embedding","","128","1024","2","256","endianness","64","CrossEntropyLoss","2","0.0001","AdamW","0.01","Vector1D","","","","1024","","LOGO_architecture_wandb","2","all-experiments-21262944","0.00008349302515853196","1","","0.95140562248996","0.95140562248996","0.14341180071903345","0.003572299339287433"
"fold_sh4","idun-09-15","logo ResNet50Embedding endianness 19:54:29, 13-03-2025","finished","-","","","2025-03-13T19:32:34.000Z","127","","ISAdetectDataset","ISAdetect/ISAdetect_full_dataset/","ISAdetect-features.csv","1024","true","ResNet50Embedding","","128","1024","2","256","endianness","64","CrossEntropyLoss","2","0.0001","AdamW","0.01","Vector1D","","","","1024","","LOGO_architecture_wandb","2","all-experiments-21262944","0.00026689382502809167","1","","0.7188870151770658","0.7188870151770658","0.6496811534768792","0.003950415911971957"
"fold_s390x","idun-09-15","logo ResNet50Embedding endianness 19:54:29, 13-03-2025","finished","-","","","2025-03-13T19:30:18.000Z","134","","ISAdetectDataset","ISAdetect/ISAdetect_full_dataset/","ISAdetect-features.csv","1024","true","ResNet50Embedding","","128","1024","2","256","endianness","64","CrossEntropyLoss","2","0.0001","AdamW","0.01","Vector1D","","","","1024","","LOGO_architecture_wandb","2","all-experiments-21262944","0.00011835288751171902","1","","0.9621254946297344","0.9621254946297344","0.08900641590090734","0.003255710232803777"
"fold_s390","idun-09-15","logo ResNet50Embedding endianness 19:54:29, 13-03-2025","finished","-","","","2025-03-13T19:28:07.000Z","129","","ISAdetectDataset","ISAdetect/ISAdetect_full_dataset/","ISAdetect-features.csv","1024","true","ResNet50Embedding","","128","1024","2","256","endianness","64","CrossEntropyLoss","2","0.0001","AdamW","0.01","Vector1D","","","","1024","","LOGO_architecture_wandb","2","all-experiments-21262944","0.0003093015984632075","1","","0.9498450813323004","0.9498450813323004","0.1088875101097388","0.004656525122530644"
"fold_riscv64","idun-09-15","logo ResNet50Embedding endianness 19:54:29, 13-03-2025","finished","-","","","2025-03-13T19:26:00.000Z","125","","ISAdetectDataset","ISAdetect/ISAdetect_full_dataset/","ISAdetect-features.csv","1024","true","ResNet50Embedding","","128","1024","2","256","endianness","64","CrossEntropyLoss","2","0.0001","AdamW","0.01","Vector1D","","","","1024","","LOGO_architecture_wandb","2","all-experiments-21262944","0.00015125579375308007","1","","0.0927927927927928","0.0927927927927928","4.810043205533709","0.004250432051388546"
"fold_ppc64el","idun-09-15","logo ResNet50Embedding endianness 19:54:29, 13-03-2025","finished","-","","","2025-03-13T19:23:55.000Z","124","","ISAdetectDataset","ISAdetect/ISAdetect_full_dataset/","ISAdetect-features.csv","1024","true","ResNet50Embedding","","128","1024","2","256","endianness","64","CrossEntropyLoss","2","0.0001","AdamW","0.01","Vector1D","","","","1024","","LOGO_architecture_wandb","2","all-experiments-21262944","0.00035135200596414506","1","","0.9914845302299176","0.9914845302299176","0.026166353497371477","0.005024056272471896"
"fold_ppc64","idun-09-15","logo ResNet50Embedding endianness 19:54:29, 13-03-2025","finished","-","","","2025-03-13T19:21:46.000Z","128","","ISAdetectDataset","ISAdetect/ISAdetect_full_dataset/","ISAdetect-features.csv","1024","true","ResNet50Embedding","","128","1024","2","256","endianness","64","CrossEntropyLoss","2","0.0001","AdamW","0.01","Vector1D","","","","1024","","LOGO_architecture_wandb","2","all-experiments-21262944","0.00004791378523805179","1","","0.08895164136957288","0.08895164136957288","5.23604957792494","0.004103781029860571"
"fold_powerpcspe","idun-09-15","logo ResNet50Embedding endianness 19:54:29, 13-03-2025","finished","-","","","2025-03-13T19:19:33.000Z","132","","ISAdetectDataset","ISAdetect/ISAdetect_full_dataset/","ISAdetect-features.csv","1024","true","ResNet50Embedding","","128","1024","2","256","endianness","64","CrossEntropyLoss","2","0.0001","AdamW","0.01","Vector1D","","","","1024","","LOGO_architecture_wandb","2","all-experiments-21262944","0.00003079927046201192","1","","1","1","0.0005164515022692461","0.004063355902440845"
"fold_powerpc","idun-09-15","logo ResNet50Embedding endianness 19:54:29, 13-03-2025","finished","-","","","2025-03-13T19:17:30.000Z","122","","ISAdetectDataset","ISAdetect/ISAdetect_full_dataset/","ISAdetect-features.csv","1024","true","ResNet50Embedding","","128","1024","2","256","endianness","64","CrossEntropyLoss","2","0.0001","AdamW","0.01","Vector1D","","","","1024","","LOGO_architecture_wandb","2","all-experiments-21262944","0.0001020354829961434","1","","0.9986229688790966","0.9986229688790966","0.004146248079311127","0.0034493455999838793"
"fold_mipsel","idun-09-15","logo ResNet50Embedding endianness 19:54:29, 13-03-2025","finished","-","","","2025-03-13T19:15:26.000Z","123","","ISAdetectDataset","ISAdetect/ISAdetect_full_dataset/","ISAdetect-features.csv","1024","true","ResNet50Embedding","","128","1024","2","256","endianness","64","CrossEntropyLoss","2","0.0001","AdamW","0.01","Vector1D","","","","1024","","LOGO_architecture_wandb","2","all-experiments-21262944","6.258478038034809e-7","1","","0.9859602649006622","0.9859602649006622","0.048546947566476664","0.003577311678571983"
"fold_mips64el","idun-09-15","logo ResNet50Embedding endianness 19:54:29, 13-03-2025","finished","-","","","2025-03-13T19:13:22.000Z","123","","ISAdetectDataset","ISAdetect/ISAdetect_full_dataset/","ISAdetect-features.csv","1024","true","ResNet50Embedding","","128","1024","2","256","endianness","64","CrossEntropyLoss","2","0.0001","AdamW","0.01","Vector1D","","","","1024","","LOGO_architecture_wandb","2","all-experiments-21262944","0.000180382514372468","1","","0.9800556586270872","0.9800556586270872","0.057654306278837955","0.003764218575264518"
"fold_mips","idun-09-15","logo ResNet50Embedding endianness 19:54:29, 13-03-2025","finished","-","","","2025-03-13T19:11:22.000Z","118","","ISAdetectDataset","ISAdetect/ISAdetect_full_dataset/","ISAdetect-features.csv","1024","true","ResNet50Embedding","","128","1024","2","256","endianness","64","CrossEntropyLoss","2","0.0001","AdamW","0.01","Vector1D","","","","1024","","LOGO_architecture_wandb","2","all-experiments-21262944","0.021194662898778915","1","","0.7093969144460028","0.7093969144460028","1.383294299244881","0.0030706776002565276"
"fold_m68k","idun-09-15","logo ResNet50Embedding endianness 19:54:29, 13-03-2025","finished","-","","","2025-03-13T19:09:23.000Z","118","","ISAdetectDataset","ISAdetect/ISAdetect_full_dataset/","ISAdetect-features.csv","1024","true","ResNet50Embedding","","128","1024","2","256","endianness","64","CrossEntropyLoss","2","0.0001","AdamW","0.01","Vector1D","","","","1024","","LOGO_architecture_wandb","2","all-experiments-21262944","0.00011926605657208712","1","","0.0029545454545454545","0.0029545454545454545","12.774202457372692","0.003559542042323272"
"fold_ia64","idun-09-15","logo ResNet50Embedding endianness 19:54:29, 13-03-2025","finished","-","","","2025-03-13T19:07:26.000Z","116","","ISAdetectDataset","ISAdetect/ISAdetect_full_dataset/","ISAdetect-features.csv","1024","true","ResNet50Embedding","","128","1024","2","256","endianness","64","CrossEntropyLoss","2","0.0001","AdamW","0.01","Vector1D","","","","1024","","LOGO_architecture_wandb","2","all-experiments-21262944","0.000028720058253384195","1","","0.4337881219903692","0.4337881219903692","1.3631766255085285","0.00361593009051727"
"fold_i386","idun-09-15","logo ResNet50Embedding endianness 19:54:29, 13-03-2025","finished","-","","","2025-03-13T19:05:34.000Z","111","","ISAdetectDataset","ISAdetect/ISAdetect_full_dataset/","ISAdetect-features.csv","1024","true","ResNet50Embedding","","128","1024","2","256","endianness","64","CrossEntropyLoss","2","0.0001","AdamW","0.01","Vector1D","","","","1024","","LOGO_architecture_wandb","2","all-experiments-21262944","0.006194387096911669","1","","0.9583088667058132","0.9583088667058132","0.09452925997320565","0.005338978752500275"
"fold_hppa","idun-09-15","logo ResNet50Embedding endianness 19:54:29, 13-03-2025","finished","-","","","2025-03-13T19:03:41.000Z","111","","ISAdetectDataset","ISAdetect/ISAdetect_full_dataset/","ISAdetect-features.csv","1024","true","ResNet50Embedding","","128","1024","2","256","endianness","64","CrossEntropyLoss","2","0.0001","AdamW","0.01","Vector1D","","","","1024","","LOGO_architecture_wandb","2","all-experiments-21262944","0.00005121310823597014","1","","0.26418219461697723","0.26418219461697723","4.624719387606571","0.004358299698311825"
"fold_armhf","idun-09-15","logo ResNet50Embedding endianness 19:54:29, 13-03-2025","finished","-","","","2025-03-13T19:01:48.000Z","112","","ISAdetectDataset","ISAdetect/ISAdetect_full_dataset/","ISAdetect-features.csv","1024","true","ResNet50Embedding","","128","1024","2","256","endianness","64","CrossEntropyLoss","2","0.0001","AdamW","0.01","Vector1D","","","","1024","","LOGO_architecture_wandb","2","all-experiments-21262944","0.000050406521040713415","1","","0.9804755944931164","0.9804755944931164","0.07859713625391974","0.0038665633258791712"
"fold_armel","idun-09-15","logo ResNet50Embedding endianness 19:54:29, 13-03-2025","finished","-","","","2025-03-13T18:59:55.000Z","111","","ISAdetectDataset","ISAdetect/ISAdetect_full_dataset/","ISAdetect-features.csv","1024","true","ResNet50Embedding","","128","1024","2","256","endianness","64","CrossEntropyLoss","2","0.0001","AdamW","0.01","Vector1D","","","","1024","","LOGO_architecture_wandb","2","all-experiments-21262944","0.00004738121424452402","1","","0.95525","0.95525","0.17085507068267838","0.004352512620692706"
"fold_arm64","idun-09-15","logo ResNet50Embedding endianness 19:54:29, 13-03-2025","finished","-","","","2025-03-13T18:58:04.000Z","110","","ISAdetectDataset","ISAdetect/ISAdetect_full_dataset/","ISAdetect-features.csv","1024","true","ResNet50Embedding","","128","1024","2","256","endianness","64","CrossEntropyLoss","2","0.0001","AdamW","0.01","Vector1D","","","","1024","","LOGO_architecture_wandb","2","all-experiments-21262944","0.00001934670035552699","1","","0.8341584158415841","0.8341584158415841","0.4385931324540523","0.003288815584998921"
"fold_amd64","idun-09-15","logo ResNet50Embedding endianness 19:54:29, 13-03-2025","finished","-","","","2025-03-13T18:56:16.000Z","107","","ISAdetectDataset","ISAdetect/ISAdetect_full_dataset/","ISAdetect-features.csv","1024","true","ResNet50Embedding","","128","1024","2","256","endianness","64","CrossEntropyLoss","2","0.0001","AdamW","0.01","Vector1D","","","","1024","","LOGO_architecture_wandb","2","all-experiments-21262944","0.000007593695045216009","1","","0.9961062757672928","0.9961062757672928","0.011402189752366345","0.004175151253828577"
"fold_alpha","idun-09-15","logo ResNet50Embedding endianness 19:54:29, 13-03-2025","finished","-","","","2025-03-13T18:54:30.000Z","105","","ISAdetectDataset","ISAdetect/ISAdetect_full_dataset/","ISAdetect-features.csv","1024","true","ResNet50Embedding","","128","1024","2","256","endianness","64","CrossEntropyLoss","2","0.0001","AdamW","0.01","Vector1D","","","","1024","","LOGO_architecture_wandb","2","all-experiments-21262944","0.0004315099213272333","1","","0.9896751447997986","0.9896751447997986","0.02493727015294892","0.004775426428524864"
"overall_metrics","idun-09-15","logo ResNet50Embedding endianness 19:07:00, 13-03-2025","finished","-","","","2025-03-13T18:54:08.000Z","5","","ISAdetectDataset","ISAdetect/ISAdetect_full_dataset/","ISAdetect-features.csv","1024","true","ResNet50Embedding","","128","1024","2","256","endianness","64","CrossEntropyLoss","2","0.0001","AdamW","0.01","Vector1D","","","","1024","","LOGO_architecture_wandb","1","all-experiments-21262944","","","0.7415218631671767","","","",""
"fold_x32","idun-09-15","logo ResNet50Embedding endianness 19:07:00, 13-03-2025","finished","-","","","2025-03-13T18:51:47.000Z","139","","ISAdetectDataset","ISAdetect/ISAdetect_full_dataset/","ISAdetect-features.csv","1024","true","ResNet50Embedding","","128","1024","2","256","endianness","64","CrossEntropyLoss","2","0.0001","AdamW","0.01","Vector1D","","","","1024","","LOGO_architecture_wandb","1","all-experiments-21262944","0.0002069680776912719","1","","1","1","0.0000401040216674477","0.0044788701756286586"
"fold_sparc64","idun-09-15","logo ResNet50Embedding endianness 19:07:00, 13-03-2025","finished","-","","","2025-03-13T18:49:33.000Z","132","","ISAdetectDataset","ISAdetect/ISAdetect_full_dataset/","ISAdetect-features.csv","1024","true","ResNet50Embedding","","128","1024","2","256","endianness","64","CrossEntropyLoss","2","0.0001","AdamW","0.01","Vector1D","","","","1024","","LOGO_architecture_wandb","1","all-experiments-21262944","0.00019485013035591692","1","","0.8702686202686203","0.8702686202686203","0.47435856266663623","0.004209849050095596"
"fold_sparc","idun-09-15","logo ResNet50Embedding endianness 19:07:00, 13-03-2025","finished","-","","","2025-03-13T18:47:24.000Z","127","","ISAdetectDataset","ISAdetect/ISAdetect_full_dataset/","ISAdetect-features.csv","1024","true","ResNet50Embedding","","128","1024","2","256","endianness","64","CrossEntropyLoss","2","0.0001","AdamW","0.01","Vector1D","","","","1024","","LOGO_architecture_wandb","1","all-experiments-21262944","0.00013821969332639128","1","","0.706425702811245","0.706425702811245","0.8631165531965402","0.004280952206430638"
"fold_sh4","idun-09-15","logo ResNet50Embedding endianness 19:07:00, 13-03-2025","finished","-","","","2025-03-13T18:45:16.000Z","127","","ISAdetectDataset","ISAdetect/ISAdetect_full_dataset/","ISAdetect-features.csv","1024","true","ResNet50Embedding","","128","1024","2","256","endianness","64","CrossEntropyLoss","2","0.0001","AdamW","0.01","Vector1D","","","","1024","","LOGO_architecture_wandb","1","all-experiments-21262944","0.00019981640798505396","1","","0.38701517706576727","0.38701517706576727","5.821392559236096","0.005114962324476504"
"fold_s390x","idun-09-15","logo ResNet50Embedding endianness 19:07:00, 13-03-2025","finished","-","","","2025-03-13T18:43:07.000Z","127","","ISAdetectDataset","ISAdetect/ISAdetect_full_dataset/","ISAdetect-features.csv","1024","true","ResNet50Embedding","","128","1024","2","256","endianness","64","CrossEntropyLoss","2","0.0001","AdamW","0.01","Vector1D","","","","1024","","LOGO_architecture_wandb","1","all-experiments-21262944","0.000016552297893213108","1","","0.4228377614471453","0.4228377614471453","1.956194737127849","0.004820755040174856"
"fold_s390","idun-09-15","logo ResNet50Embedding endianness 19:07:00, 13-03-2025","finished","-","","","2025-03-13T18:40:59.000Z","127","","ISAdetectDataset","ISAdetect/ISAdetect_full_dataset/","ISAdetect-features.csv","1024","true","ResNet50Embedding","","128","1024","2","256","endianness","64","CrossEntropyLoss","2","0.0001","AdamW","0.01","Vector1D","","","","1024","","LOGO_architecture_wandb","1","all-experiments-21262944","0.00006898072024341673","1","","0.9893493415956622","0.9893493415956622","0.035901946858589155","0.005235866498078955"
"fold_riscv64","idun-09-15","logo ResNet50Embedding endianness 19:07:00, 13-03-2025","finished","-","","","2025-03-13T18:38:52.000Z","126","","ISAdetectDataset","ISAdetect/ISAdetect_full_dataset/","ISAdetect-features.csv","1024","true","ResNet50Embedding","","128","1024","2","256","endianness","64","CrossEntropyLoss","2","0.0001","AdamW","0.01","Vector1D","","","","1024","","LOGO_architecture_wandb","1","all-experiments-21262944","0.000006528128778882092","1","","0.9103603603603604","0.9103603603603604","0.23977517964584483","0.004775891978674397"
"fold_ppc64el","idun-09-15","logo ResNet50Embedding endianness 19:07:00, 13-03-2025","finished","-","","","2025-03-13T18:36:43.000Z","128","","ISAdetectDataset","ISAdetect/ISAdetect_full_dataset/","ISAdetect-features.csv","1024","true","ResNet50Embedding","","128","1024","2","256","endianness","64","CrossEntropyLoss","2","0.0001","AdamW","0.01","Vector1D","","","","1024","","LOGO_architecture_wandb","1","all-experiments-21262944","0.00002309467527084053","1","","0.9982969060459836","0.9982969060459836","0.006195771054032255","0.003356481813980654"
"fold_ppc64","idun-09-15","logo ResNet50Embedding endianness 19:07:00, 13-03-2025","finished","-","","","2025-03-13T18:34:36.000Z","126","","ISAdetectDataset","ISAdetect/ISAdetect_full_dataset/","ISAdetect-features.csv","1024","true","ResNet50Embedding","","128","1024","2","256","endianness","64","CrossEntropyLoss","2","0.0001","AdamW","0.01","Vector1D","","","","1024","","LOGO_architecture_wandb","1","all-experiments-21262944","0.000008681220606376883","1","","0.7980938933992234","0.7980938933992234","0.5405117703808678","0.0043674141293646145"
"fold_powerpcspe","idun-09-15","logo ResNet50Embedding endianness 19:07:00, 13-03-2025","finished","-","","","2025-03-13T18:32:32.000Z","122","","ISAdetectDataset","ISAdetect/ISAdetect_full_dataset/","ISAdetect-features.csv","1024","true","ResNet50Embedding","","128","1024","2","256","endianness","64","CrossEntropyLoss","2","0.0001","AdamW","0.01","Vector1D","","","","1024","","LOGO_architecture_wandb","1","all-experiments-21262944","0.00002245535870315507","1","","1","1","0.0010556666912311958","0.005251648774148137"
"fold_powerpc","idun-09-15","logo ResNet50Embedding endianness 19:07:00, 13-03-2025","finished","-","","","2025-03-13T18:30:29.000Z","122","","ISAdetectDataset","ISAdetect/ISAdetect_full_dataset/","ISAdetect-features.csv","1024","true","ResNet50Embedding","","128","1024","2","256","endianness","64","CrossEntropyLoss","2","0.0001","AdamW","0.01","Vector1D","","","","1024","","LOGO_architecture_wandb","1","all-experiments-21262944","0.0003475234261713922","1","","1","1","0.004037107754061652","0.00560228831861611"
"fold_mipsel","idun-09-15","logo ResNet50Embedding endianness 19:07:00, 13-03-2025","finished","-","","","2025-03-13T18:28:25.000Z","123","","ISAdetectDataset","ISAdetect/ISAdetect_full_dataset/","ISAdetect-features.csv","1024","true","ResNet50Embedding","","128","1024","2","256","endianness","64","CrossEntropyLoss","2","0.0001","AdamW","0.01","Vector1D","","","","1024","","LOGO_architecture_wandb","1","all-experiments-21262944","0.000005265032541501569","1","","0.9989403973509934","0.9989403973509934","0.00508408964070456","0.004297955347618372"
"fold_mips64el","idun-09-15","logo ResNet50Embedding endianness 19:07:00, 13-03-2025","finished","-","","","2025-03-13T18:26:22.000Z","121","","ISAdetectDataset","ISAdetect/ISAdetect_full_dataset/","ISAdetect-features.csv","1024","true","ResNet50Embedding","","128","1024","2","256","endianness","64","CrossEntropyLoss","2","0.0001","AdamW","0.01","Vector1D","","","","1024","","LOGO_architecture_wandb","1","all-experiments-21262944","0.0006507962243631482","1","","0.9842300556586272","0.9842300556586272","0.048048540196545864","0.004867675890669296"
"fold_mips","idun-09-15","logo ResNet50Embedding endianness 19:07:00, 13-03-2025","finished","-","","","2025-03-13T18:24:16.000Z","125","","ISAdetectDataset","ISAdetect/ISAdetect_full_dataset/","ISAdetect-features.csv","1024","true","ResNet50Embedding","","128","1024","2","256","endianness","64","CrossEntropyLoss","2","0.0001","AdamW","0.01","Vector1D","","","","1024","","LOGO_architecture_wandb","1","all-experiments-21262944","0.000021562316760537215","1","","0.3856942496493689","0.3856942496493689","2.3599110522440503","0.00409816627622963"
"fold_m68k","idun-09-15","logo ResNet50Embedding endianness 19:07:00, 13-03-2025","finished","-","","","2025-03-13T18:22:18.000Z","116","","ISAdetectDataset","ISAdetect/ISAdetect_full_dataset/","ISAdetect-features.csv","1024","true","ResNet50Embedding","","128","1024","2","256","endianness","64","CrossEntropyLoss","2","0.0001","AdamW","0.01","Vector1D","","","","1024","","LOGO_architecture_wandb","1","all-experiments-21262944","0.00131277518812567","1","","0.00022727272727272727","0.00022727272727272727","7.998845597972041","0.004071478242978662"
"fold_ia64","idun-09-15","logo ResNet50Embedding endianness 19:07:00, 13-03-2025","finished","-","","","2025-03-13T18:20:16.000Z","121","","ISAdetectDataset","ISAdetect/ISAdetect_full_dataset/","ISAdetect-features.csv","1024","true","ResNet50Embedding","","128","1024","2","256","endianness","64","CrossEntropyLoss","2","0.0001","AdamW","0.01","Vector1D","","","","1024","","LOGO_architecture_wandb","1","all-experiments-21262944","0.00001557769428472966","1","","0.011035313001605136","0.011035313001605136","8.152749251096676","0.006055420352875838"
"fold_i386","idun-09-15","logo ResNet50Embedding endianness 19:07:00, 13-03-2025","finished","-","","","2025-03-13T18:18:19.000Z","116","","ISAdetectDataset","ISAdetect/ISAdetect_full_dataset/","ISAdetect-features.csv","1024","true","ResNet50Embedding","","128","1024","2","256","endianness","64","CrossEntropyLoss","2","0.0001","AdamW","0.01","Vector1D","","","","1024","","LOGO_architecture_wandb","1","all-experiments-21262944","0.0006509613594971597","1","","0.9694656488549618","0.9694656488549618","0.09561626005161088","0.0056107536993479906"
"fold_hppa","idun-09-15","logo ResNet50Embedding endianness 19:07:00, 13-03-2025","finished","-","","","2025-03-13T18:16:26.000Z","112","","ISAdetectDataset","ISAdetect/ISAdetect_full_dataset/","ISAdetect-features.csv","1024","true","ResNet50Embedding","","128","1024","2","256","endianness","64","CrossEntropyLoss","2","0.0001","AdamW","0.01","Vector1D","","","","1024","","LOGO_architecture_wandb","1","all-experiments-21262944","0.00023332958517130464","1","","0.5498964803312629","0.5498964803312629","1.5642601439827366","0.003978208873055185"
"fold_armhf","idun-09-15","logo ResNet50Embedding endianness 19:07:00, 13-03-2025","finished","-","","","2025-03-13T18:14:32.000Z","112","","ISAdetectDataset","ISAdetect/ISAdetect_full_dataset/","ISAdetect-features.csv","1024","true","ResNet50Embedding","","128","1024","2","256","endianness","64","CrossEntropyLoss","2","0.0001","AdamW","0.01","Vector1D","","","","1024","","LOGO_architecture_wandb","1","all-experiments-21262944","0.0002238222659798339","1","","0.9449311639549436","0.9449311639549436","0.15288813459494757","0.00445392181531816"
"fold_armel","idun-09-15","logo ResNet50Embedding endianness 19:07:00, 13-03-2025","finished","-","","","2025-03-13T18:12:42.000Z","108","","ISAdetectDataset","ISAdetect/ISAdetect_full_dataset/","ISAdetect-features.csv","1024","true","ResNet50Embedding","","128","1024","2","256","endianness","64","CrossEntropyLoss","2","0.0001","AdamW","0.01","Vector1D","","","","1024","","LOGO_architecture_wandb","1","all-experiments-21262944","0.000018781822291202843","1","","0.98825","0.98825","0.041231595559609216","0.005056121264047852"
"fold_arm64","idun-09-15","logo ResNet50Embedding endianness 19:07:00, 13-03-2025","finished","-","","","2025-03-13T18:10:44.000Z","116","","ISAdetectDataset","ISAdetect/ISAdetect_full_dataset/","ISAdetect-features.csv","1024","true","ResNet50Embedding","","128","1024","2","256","endianness","64","CrossEntropyLoss","2","0.0001","AdamW","0.01","Vector1D","","","","1024","","LOGO_architecture_wandb","1","all-experiments-21262944","0.00027593880076892674","1","","0.42794279427942794","0.42794279427942794","2.081643403622142","0.005086034012987951"
"fold_amd64","idun-09-15","logo ResNet50Embedding endianness 19:07:00, 13-03-2025","finished","-","","","2025-03-13T18:08:54.000Z","109","","ISAdetectDataset","ISAdetect/ISAdetect_full_dataset/","ISAdetect-features.csv","1024","true","ResNet50Embedding","","128","1024","2","256","endianness","64","CrossEntropyLoss","2","0.0001","AdamW","0.01","Vector1D","","","","1024","","LOGO_architecture_wandb","1","all-experiments-21262944","0.0000922633771551773","1","","0.9951901053595968","0.9951901053595968","0.012254056169985088","0.004448881962820064"
"fold_alpha","idun-09-15","logo ResNet50Embedding endianness 19:07:00, 13-03-2025","finished","-","","","2025-03-13T18:07:01.000Z","111","","ISAdetectDataset","ISAdetect/ISAdetect_full_dataset/","ISAdetect-features.csv","1024","true","ResNet50Embedding","","128","1024","2","256","endianness","64","CrossEntropyLoss","2","0.0001","AdamW","0.01","Vector1D","","","","1024","","LOGO_architecture_wandb","1","all-experiments-21262944","0.0041982075199484825","1","","0.9916897506925209","0.9916897506925209","0.02440589011622785","0.004862944976055786"